#
# There is insufficient memory for the Java Runtime Environment to continue.
# Native memory allocation (mmap) failed to map 792723456 bytes. Error detail: G1 virtual space
# Possible reasons:
#   The system is out of physical RAM or swap space
#   This process is running with CompressedOops enabled, and the Java Heap may be blocking the growth of the native heap
# Possible solutions:
#   Reduce memory load on the system
#   Increase physical memory or swap space
#   Check if swap backing store is full
#   Decrease Java heap size (-Xmx/-Xms)
#   Decrease number of Java threads
#   Decrease Java thread stack sizes (-Xss)
#   Set larger code cache with -XX:ReservedCodeCacheSize=
#   JVM is running with Zero Based Compressed Oops mode in which the Java heap is
#     placed in the first 32GB address space. The Java Heap base address is the
#     maximum limit for the native heap growth. Please use -XX:HeapBaseMinAddress
#     to set the Java Heap base and to place the Java Heap above 32GB virtual address.
# This output file may be truncated or incomplete.
#
#  Out of Memory Error (os_windows.cpp:3679), pid=55920, tid=580
#
# JRE version: OpenJDK Runtime Environment Microsoft-10376486 (17.0.13+11) (build 17.0.13+11-LTS)
# Java VM: OpenJDK 64-Bit Server VM Microsoft-10376486 (17.0.13+11-LTS, mixed mode, sharing, tiered, compressed oops, compressed class ptrs, g1 gc, windows-amd64)
# No core dump will be written. Minidumps are not enabled by default on client versions of Windows
#

---------------  S U M M A R Y ------------

Command Line: -Dfile.encoding=UTF-8 C:\Users\tomas.urbanczyk\HL\PUB\Order\input-cache\publisher.jar -ig C:\Users\tomas.urbanczyk\HL\PUB\Order -no-sushi

Host: AMD Ryzen 5 7530U with Radeon Graphics         , 12 cores, 31G,  Windows 11 , 64 bit Build 26100 (10.0.26100.9444)
Time: Mon Sep 21 10:50:08 2026 Stindows 11 , 64 bit Build 26100 (10.0.26100.9444) elapsed time: 373.999512 seconds (0d 0h 6m 13s)

---------------  T H R E A D  ---------------

Current thread (0x000001cd657df960):  VMThread "VM Thread" [stack: 0x000000350e900000,0x000000350ea00000] [id=580]

Stack: [0x000000350e900000,0x000000350ea00000]
Native frames: (J=compiled Java code, j=interpreted, Vv=VM code, C=native code)
V  [jvm.dll+0x687fc9]
V  [jvm.dll+0x83eeb8]
V  [jvm.dll+0x840963]
V  [jvm.dll+0x840fd3]
V  [jvm.dll+0x24951f]
V  [jvm.dll+0x684f89]
V  [jvm.dll+0x6794aa]
V  [jvm.dll+0x30ad27]
V  [jvm.dll+0x312296]
V  [jvm.dll+0x362bde]
V  [jvm.dll+0x362e1d]
V  [jvm.dll+0x2e1fbc]
V  [jvm.dll+0x2e0369]
V  [jvm.dll+0x2dfacc]
V  [jvm.dll+0x32267b]
V  [jvm.dll+0x84580d]
V  [jvm.dll+0x846543]
V  [jvm.dll+0x846a6f]
V  [jvm.dll+0x846e54]
V  [jvm.dll+0x846f1e]
V  [jvm.dll+0x7eea6c]
V  [jvm.dll+0x686ea7]
C  [ucrtbase.dll+0x2cd30]
C  [KERNEL32.DLL+0x2cd87]
C  [ntdll.dll+0xacaec]

VM_Operation (0x000000350e3fb6c0): G1CollectForAllocation, mode: safepoint, requested by thread 0x000001cd3bbba9b0


---------------  P R O C E S S  ---------------

Threads class SMR info:
_java_thread_list=0x000001cdb0288760, length=18, elements={
0x000001cd3bbba9b0, 0x000001cd657e5a20, 0x000001cd657e8160, 0x000001cd68347030,
0x000001cd683479f0, 0x000001cd6834a3c0, 0x000001cd6834ad80, 0x000001cd683611c0,
0x000001cd6836aac0, 0x000001cd683704d0, 0x000001cd684a85a0, 0x000001cd684b3310,
0x000001cd6864bb20, 0x000001cdc3ab04d0, 0x000001cdb0802ab0, 0x000001cdbfe27a90,
0x000001cdb251dd80, 0x000001cdc05c0030
}

Java Threads: ( => current thread )
  0x000001cd3bbba9b0 JavaThread "main" [_thread_blocked, id=45492, stack(0x000000350e300000,0x000000350e400000)]
  0x000001cd657e5a20 JavaThread "Reference Handler" daemon [_thread_blocked, id=45912, stack(0x000000350ea00000,0x000000350eb00000)]
  0x000001cd657e8160 JavaThread "Finalizer" daemon [_thread_blocked, id=53784, stack(0x000000350eb00000,0x000000350ec00000)]
  0x000001cd68347030 JavaThread "Signal Dispatcher" daemon [_thread_blocked, id=20128, stack(0x000000350ec00000,0x000000350ed00000)]
  0x000001cd683479f0 JavaThread "Attach Listener" daemon [_thread_blocked, id=17768, stack(0x000000350ed00000,0x000000350ee00000)]
  0x000001cd6834a3c0 JavaThread "Service Thread" daemon [_thread_blocked, id=10840, stack(0x000000350ee00000,0x000000350ef00000)]
  0x000001cd6834ad80 JavaThread "Monitor Deflation Thread" daemon [_thread_blocked, id=52336, stack(0x000000350ef00000,0x000000350f000000)]
  0x000001cd683611c0 JavaThread "C2 CompilerThread0" daemon [_thread_in_native, id=26716, stack(0x000000350f000000,0x000000350f100000)]
  0x000001cd6836aac0 JavaThread "C1 CompilerThread0" daemon [_thread_blocked, id=19860, stack(0x000000350f100000,0x000000350f200000)]
  0x000001cd683704d0 JavaThread "Sweeper thread" daemon [_thread_blocked, id=35432, stack(0x000000350f200000,0x000000350f300000)]
  0x000001cd684a85a0 JavaThread "Notification Thread" daemon [_thread_blocked, id=55220, stack(0x000000350f300000,0x000000350f400000)]
  0x000001cd684b3310 JavaThread "Common-Cleaner" daemon [_thread_blocked, id=45360, stack(0x000000350f500000,0x000000350f600000)]
  0x000001cd6864bb20 JavaThread "OkHttp fhir.github.io" daemon [_thread_in_native, id=31556, stack(0x0000003510200000,0x0000003510300000)]
  0x000001cdc3ab04d0 JavaThread "OkHttp ConnectionPool connection closer" daemon [_thread_blocked, id=45972, stack(0x0000003510300000,0x0000003510400000)]
  0x000001cdb0802ab0 JavaThread "Okio Watchdog" daemon [_thread_blocked, id=43668, stack(0x0000003510400000,0x0000003510500000)]
  0x000001cdbfe27a90 JavaThread "OkHttp TaskRunner" daemon [_thread_blocked, id=53504, stack(0x0000003511200000,0x0000003511300000)]
  0x000001cdb251dd80 JavaThread "C2 CompilerThread1" daemon [_thread_blocked, id=35560, stack(0x000000350e100000,0x000000350e200000)]
  0x000001cdc05c0030 JavaThread "C2 CompilerThread2" daemon [_thread_in_native, id=45452, stack(0x0000003510600000,0x0000003510700000)]

Other Threads:
=>0x000001cd657df960 VMThread "VM Thread" [stack: 0x000000350e900000,0x000000350ea00000] [id=580]
  0x000001cd684b2ab0 WatcherThread [stack: 0x000000350f400000,0x000000350f500000] [id=54572]
  0x000001cd3bc666b0 GCTaskThread "GC Thread#0" [stack: 0x000000350e400000,0x000000350e500000] [id=28928]
  0x000001cd68b3cfc0 GCTaskThread "GC Thread#1" [stack: 0x000000350f700000,0x000000350f800000] [id=20180]
  0x000001cd68aa8c60 GCTaskThread "GC Thread#2" [stack: 0x000000350f800000,0x000000350f900000] [id=28052]
  0x000001cd68aa8f20 GCTaskThread "GC Thread#3" [stack: 0x000000350f900000,0x000000350fa00000] [id=21772]
  0x000001cd68aa91e0 GCTaskThread "GC Thread#4" [stack: 0x000000350fa00000,0x000000350fb00000] [id=35748]
  0x000001cd68aaa0b0 GCTaskThread "GC Thread#5" [stack: 0x000000350fb00000,0x000000350fc00000] [id=16420]
  0x000001cd68bdb050 GCTaskThread "GC Thread#6" [stack: 0x000000350fc00000,0x000000350fd00000] [id=49036]
  0x000001cd68bdb310 GCTaskThread "GC Thread#7" [stack: 0x000000350fd00000,0x000000350fe00000] [id=55396]
  0x000001cd68bdb5d0 GCTaskThread "GC Thread#8" [stack: 0x000000350fe00000,0x000000350ff00000] [id=21476]
  0x000001cd68bdb890 GCTaskThread "GC Thread#9" [stack: 0x000000350ff00000,0x0000003510000000] [id=33888]
  0x000001cd655fca40 ConcurrentGCThread "G1 Main Marker" [stack: 0x000000350e500000,0x000000350e600000] [id=43836]
  0x000001cd3bc6c7a0 ConcurrentGCThread "G1 Conc#0" [stack: 0x000000350e600000,0x000000350e700000] [id=28596]
  0x000001cdae3515a0 ConcurrentGCThread "G1 Conc#1" [stack: 0x000000350f600000,0x000000350f700000] [id=39088]
  0x000001cdae3abee0 ConcurrentGCThread "G1 Conc#2" [stack: 0x0000003510000000,0x0000003510100000] [id=20888]
  0x000001cd6571aea0 ConcurrentGCThread "G1 Refine#0" [stack: 0x000000350e700000,0x000000350e800000] [id=26812]
  0x000001cdae557650 ConcurrentGCThread "G1 Refine#1" [stack: 0x0000003510b00000,0x0000003510c00000] [id=5476]
  0x000001cdae558500 ConcurrentGCThread "G1 Refine#2" [stack: 0x0000003510c00000,0x0000003510d00000] [id=12580]
  0x000001cdae557940 ConcurrentGCThread "G1 Refine#3" [stack: 0x0000003510d00000,0x0000003510e00000] [id=9244]
  0x000001cdae557c30 ConcurrentGCThread "G1 Refine#4" [stack: 0x0000003510e00000,0x0000003510f00000] [id=24300]
  0x000001cdb00f8630 ConcurrentGCThread "G1 Refine#5" [stack: 0x0000003510f00000,0x0000003511000000] [id=28376]
  0x000001cdb00f7d60 ConcurrentGCThread "G1 Refine#6" [stack: 0x000000350e200000,0x000000350e300000] [id=30312]
  0x000001cdb285f8a0 ConcurrentGCThread "G1 Refine#7" [stack: 0x000000350e000000,0x000000350e100000] [id=49244]
  0x000001cdb285f2c0 ConcurrentGCThread "G1 Refine#8" [stack: 0x0000003510700000,0x0000003510800000] [id=50320]
  0x000001cdb2860460 ConcurrentGCThread "G1 Refine#9" [stack: 0x0000003510500000,0x0000003510600000] [id=11840]
  0x000001cd6571d780 ConcurrentGCThread "G1 Service" [stack: 0x000000350e800000,0x000000350e900000] [id=54112]

Threads with active compile tasks:
C2 CompilerThread0   374084 12050       4       org.hl7.fhir.r5.fhirpath.FHIRPathEngine::execute (615 bytes)
C2 CompilerThread1   374084 12038       4       org.hl7.fhir.utilities.SemverParser::parseVersionCore (408 bytes)
C2 CompilerThread2   374084 12065       4       org.hl7.fhir.r5.fhirpath.FHIRLexer::next (2099 bytes)

VM state: at safepoint (normal execution)

VM Mutex/Monitor currently owned by a thread:  ([mutex/lock_event])
[0x000001cd3bbb5440] Threads_lock - owner thread: 0x000001cd657df960
[0x000001cd3bbb5320] Heap_lock - owner thread: 0x000001cd3bbba9b0

Heap address: 0x000000060ac00000, size: 8020 MB, Compressed Oops mode: Zero based, Oop shift amount: 3

CDS archive(s) mapped at: [0x000001cd69000000-0x000001cd69bb0000-0x000001cd69bb0000), size 12255232, SharedBaseAddress: 0x000001cd69000000, ArchiveRelocationMode: 1.
Compressed class space mapped at: 0x000001cd6a000000-0x000001cdaa000000, reserved size: 1073741824
Narrow klass base: 0x000001cd69000000, Narrow klass shift: 0, Narrow klass range: 0x100000000

GC Precious Log:
 CPUs: 12 total, 12 available
 Memory: 32065M
 Large Page Support: Disabled
 NUMA Support: Disabled
 Compressed Oops: Enabled (Zero based)
 Heap Region Size: 4M
 Heap Min Capacity: 8M
 Heap Initial Capacity: 504M
 Heap Max Capacity: 8020M
 Pre-touch: Disabled
 Parallel Workers: 10
 Concurrent Workers: 3
 Concurrent Refinement Workers: 10
 Periodic GC: Disabled

Heap:
 garbage-first heap   total 4345856K, used 1783660K [0x000000060ac00000, 0x0000000800000000)
  region size 4096K, 6 young (24576K), 6 survivors (24576K)
 Metaspace       used 105780K, committed 106368K, reserved 1179648K
  class space    used 9547K, committed 9792K, reserved 1048576K

Heap Regions: E=young(eden), S=young(survivor), O=old, HS=humongous(starts), HC=humongous(continues), CS=collection set, F=free, OA=open archive, CA=closed archive, TAMS=top-at-mark-start (previous, next)
|   0|0x000000060ac00000, 0x000000060b000000, 0x000000060b000000|100%| O|  |TAMS 0x000000060b000000, 0x000000060ac00000| Untracked 
|   1|0x000000060b000000, 0x000000060b3b1400, 0x000000060b400000| 92%| O|  |TAMS 0x000000060b3b1400, 0x000000060b000000| Untracked 
|   2|0x000000060b400000, 0x000000060b800000, 0x000000060b800000|100%| O|  |TAMS 0x000000060b800000, 0x000000060b400000| Untracked 
|   3|0x000000060b800000, 0x000000060bc00000, 0x000000060bc00000|100%|HS|  |TAMS 0x000000060bc00000, 0x000000060b800000| Complete 
|   4|0x000000060bc00000, 0x000000060c000000, 0x000000060c000000|100%|HC|  |TAMS 0x000000060c000000, 0x000000060bc00000| Complete 
|   5|0x000000060c000000, 0x000000060c400000, 0x000000060c400000|100%|HC|  |TAMS 0x000000060c400000, 0x000000060c000000| Complete 
|   6|0x000000060c400000, 0x000000060c800000, 0x000000060c800000|100%| O|  |TAMS 0x000000060c800000, 0x000000060c400000| Untracked 
|   7|0x000000060c800000, 0x000000060cc00000, 0x000000060cc00000|100%| O|  |TAMS 0x000000060cc00000, 0x000000060c800000| Untracked 
|   8|0x000000060cc00000, 0x000000060d000000, 0x000000060d000000|100%| O|  |TAMS 0x000000060d000000, 0x000000060cc00000| Untracked 
|   9|0x000000060d000000, 0x000000060d400000, 0x000000060d400000|100%| O|  |TAMS 0x000000060d400000, 0x000000060d000000| Untracked 
|  10|0x000000060d400000, 0x000000060d800000, 0x000000060d800000|100%| O|  |TAMS 0x000000060d800000, 0x000000060d400000| Untracked 
|  11|0x000000060d800000, 0x000000060dc00000, 0x000000060dc00000|100%| O|  |TAMS 0x000000060dc00000, 0x000000060d800000| Untracked 
|  12|0x000000060dc00000, 0x000000060e000000, 0x000000060e000000|100%| O|  |TAMS 0x000000060e000000, 0x000000060dc00000| Untracked 
|  13|0x000000060e000000, 0x000000060e400000, 0x000000060e400000|100%| O|  |TAMS 0x000000060e400000, 0x000000060e000000| Untracked 
|  14|0x000000060e400000, 0x000000060e800000, 0x000000060e800000|100%| O|  |TAMS 0x000000060e800000, 0x000000060e400000| Untracked 
|  15|0x000000060e800000, 0x000000060ec00000, 0x000000060ec00000|100%| O|  |TAMS 0x000000060ec00000, 0x000000060e800000| Untracked 
|  16|0x000000060ec00000, 0x000000060f000000, 0x000000060f000000|100%| O|  |TAMS 0x000000060f000000, 0x000000060ec00000| Untracked 
|  17|0x000000060f000000, 0x000000060f400000, 0x000000060f400000|100%| O|  |TAMS 0x000000060f400000, 0x000000060f000000| Untracked 
|  18|0x000000060f400000, 0x000000060f800000, 0x000000060f800000|100%| O|  |TAMS 0x000000060f800000, 0x000000060f400000| Untracked 
|  19|0x000000060f800000, 0x000000060fc00000, 0x000000060fc00000|100%| O|  |TAMS 0x000000060fc00000, 0x000000060f800000| Untracked 
|  20|0x000000060fc00000, 0x0000000610000000, 0x0000000610000000|100%| O|  |TAMS 0x0000000610000000, 0x000000060fc00000| Untracked 
|  21|0x0000000610000000, 0x0000000610400000, 0x0000000610400000|100%| O|  |TAMS 0x0000000610400000, 0x0000000610000000| Untracked 
|  22|0x0000000610400000, 0x0000000610800000, 0x0000000610800000|100%| O|  |TAMS 0x0000000610800000, 0x0000000610400000| Untracked 
|  23|0x0000000610800000, 0x0000000610c00000, 0x0000000610c00000|100%| O|  |TAMS 0x0000000610c00000, 0x0000000610800000| Untracked 
|  24|0x0000000610c00000, 0x0000000611000000, 0x0000000611000000|100%| O|  |TAMS 0x0000000611000000, 0x0000000610c00000| Untracked 
|  25|0x0000000611000000, 0x0000000611400000, 0x0000000611400000|100%| O|  |TAMS 0x0000000611400000, 0x0000000611000000| Untracked 
|  26|0x0000000611400000, 0x0000000611800000, 0x0000000611800000|100%| O|  |TAMS 0x0000000611800000, 0x0000000611400000| Untracked 
|  27|0x0000000611800000, 0x0000000611c00000, 0x0000000611c00000|100%| O|  |TAMS 0x0000000611c00000, 0x0000000611800000| Untracked 
|  28|0x0000000611c00000, 0x0000000612000000, 0x0000000612000000|100%| O|  |TAMS 0x0000000612000000, 0x0000000611c00000| Untracked 
|  29|0x0000000612000000, 0x0000000612400000, 0x0000000612400000|100%| O|  |TAMS 0x0000000612400000, 0x0000000612000000| Untracked 
|  30|0x0000000612400000, 0x0000000612800000, 0x0000000612800000|100%| O|  |TAMS 0x0000000612800000, 0x0000000612400000| Untracked 
|  31|0x0000000612800000, 0x0000000612c00000, 0x0000000612c00000|100%| O|  |TAMS 0x0000000612c00000, 0x0000000612800000| Untracked 
|  32|0x0000000612c00000, 0x0000000613000000, 0x0000000613000000|100%| O|  |TAMS 0x0000000613000000, 0x0000000612c00000| Untracked 
|  33|0x0000000613000000, 0x0000000613400000, 0x0000000613400000|100%| O|  |TAMS 0x0000000613400000, 0x0000000613000000| Untracked 
|  34|0x0000000613400000, 0x0000000613800000, 0x0000000613800000|100%| O|  |TAMS 0x0000000613800000, 0x0000000613400000| Untracked 
|  35|0x0000000613800000, 0x0000000613c00000, 0x0000000613c00000|100%| O|  |TAMS 0x0000000613c00000, 0x0000000613800000| Untracked 
|  36|0x0000000613c00000, 0x0000000614000000, 0x0000000614000000|100%| O|  |TAMS 0x0000000614000000, 0x0000000613c00000| Untracked 
|  37|0x0000000614000000, 0x0000000614400000, 0x0000000614400000|100%| O|  |TAMS 0x0000000614400000, 0x0000000614000000| Untracked 
|  38|0x0000000614400000, 0x0000000614800000, 0x0000000614800000|100%| O|  |TAMS 0x0000000614800000, 0x0000000614400000| Untracked 
|  39|0x0000000614800000, 0x0000000614c00000, 0x0000000614c00000|100%| O|  |TAMS 0x0000000614c00000, 0x0000000614800000| Untracked 
|  40|0x0000000614c00000, 0x0000000615000000, 0x0000000615000000|100%| O|  |TAMS 0x0000000615000000, 0x0000000614c00000| Untracked 
|  41|0x0000000615000000, 0x0000000615400000, 0x0000000615400000|100%| O|  |TAMS 0x0000000615400000, 0x0000000615000000| Untracked 
|  42|0x0000000615400000, 0x0000000615800000, 0x0000000615800000|100%| O|  |TAMS 0x0000000615800000, 0x0000000615400000| Untracked 
|  43|0x0000000615800000, 0x0000000615c00000, 0x0000000615c00000|100%| O|  |TAMS 0x0000000615c00000, 0x0000000615800000| Untracked 
|  44|0x0000000615c00000, 0x0000000616000000, 0x0000000616000000|100%| O|  |TAMS 0x0000000616000000, 0x0000000615c00000| Untracked 
|  45|0x0000000616000000, 0x0000000616400000, 0x0000000616400000|100%| O|  |TAMS 0x0000000616400000, 0x0000000616000000| Untracked 
|  46|0x0000000616400000, 0x0000000616800000, 0x0000000616800000|100%| O|  |TAMS 0x0000000616800000, 0x0000000616400000| Untracked 
|  47|0x0000000616800000, 0x0000000616c00000, 0x0000000616c00000|100%| O|  |TAMS 0x0000000616c00000, 0x0000000616800000| Untracked 
|  48|0x0000000616c00000, 0x0000000617000000, 0x0000000617000000|100%| O|  |TAMS 0x0000000617000000, 0x0000000616c00000| Untracked 
|  49|0x0000000617000000, 0x0000000617400000, 0x0000000617400000|100%| O|  |TAMS 0x0000000617400000, 0x0000000617000000| Untracked 
|  50|0x0000000617400000, 0x0000000617800000, 0x0000000617800000|100%| O|  |TAMS 0x0000000617800000, 0x0000000617400000| Untracked 
|  51|0x0000000617800000, 0x0000000617c00000, 0x0000000617c00000|100%| O|  |TAMS 0x0000000617c00000, 0x0000000617800000| Untracked 
|  52|0x0000000617c00000, 0x0000000618000000, 0x0000000618000000|100%| O|  |TAMS 0x0000000618000000, 0x0000000617c00000| Untracked 
|  53|0x0000000618000000, 0x0000000618400000, 0x0000000618400000|100%| O|  |TAMS 0x0000000618400000, 0x0000000618000000| Untracked 
|  54|0x0000000618400000, 0x0000000618800000, 0x0000000618800000|100%| O|  |TAMS 0x0000000618800000, 0x0000000618400000| Untracked 
|  55|0x0000000618800000, 0x0000000618c00000, 0x0000000618c00000|100%| O|  |TAMS 0x0000000618c00000, 0x0000000618800000| Untracked 
|  56|0x0000000618c00000, 0x0000000619000000, 0x0000000619000000|100%| O|  |TAMS 0x0000000619000000, 0x0000000618c00000| Untracked 
|  57|0x0000000619000000, 0x0000000619400000, 0x0000000619400000|100%| O|  |TAMS 0x0000000619400000, 0x0000000619000000| Untracked 
|  58|0x0000000619400000, 0x0000000619800000, 0x0000000619800000|100%| O|  |TAMS 0x0000000619800000, 0x0000000619400000| Untracked 
|  59|0x0000000619800000, 0x0000000619c00000, 0x0000000619c00000|100%| O|  |TAMS 0x0000000619c00000, 0x0000000619800000| Untracked 
|  60|0x0000000619c00000, 0x000000061a000000, 0x000000061a000000|100%| O|  |TAMS 0x000000061a000000, 0x0000000619c00000| Untracked 
|  61|0x000000061a000000, 0x000000061a400000, 0x000000061a400000|100%| O|  |TAMS 0x000000061a400000, 0x000000061a000000| Untracked 
|  62|0x000000061a400000, 0x000000061a800000, 0x000000061a800000|100%| O|  |TAMS 0x000000061a800000, 0x000000061a400000| Untracked 
|  63|0x000000061a800000, 0x000000061ac00000, 0x000000061ac00000|100%| O|  |TAMS 0x000000061ac00000, 0x000000061a800000| Untracked 
|  64|0x000000061ac00000, 0x000000061b000000, 0x000000061b000000|100%| O|  |TAMS 0x000000061b000000, 0x000000061ac00000| Untracked 
|  65|0x000000061b000000, 0x000000061b400000, 0x000000061b400000|100%| O|  |TAMS 0x000000061b400000, 0x000000061b000000| Untracked 
|  66|0x000000061b400000, 0x000000061b800000, 0x000000061b800000|100%| O|  |TAMS 0x000000061b800000, 0x000000061b400000| Untracked 
|  67|0x000000061b800000, 0x000000061bc00000, 0x000000061bc00000|100%| O|  |TAMS 0x000000061bc00000, 0x000000061b800000| Untracked 
|  68|0x000000061bc00000, 0x000000061c000000, 0x000000061c000000|100%| O|  |TAMS 0x000000061c000000, 0x000000061bc00000| Untracked 
|  69|0x000000061c000000, 0x000000061c400000, 0x000000061c400000|100%| O|  |TAMS 0x000000061c400000, 0x000000061c000000| Untracked 
|  70|0x000000061c400000, 0x000000061c800000, 0x000000061c800000|100%| O|  |TAMS 0x000000061c800000, 0x000000061c400000| Untracked 
|  71|0x000000061c800000, 0x000000061cc00000, 0x000000061cc00000|100%| O|  |TAMS 0x000000061cc00000, 0x000000061c800000| Untracked 
|  72|0x000000061cc00000, 0x000000061d000000, 0x000000061d000000|100%| O|  |TAMS 0x000000061d000000, 0x000000061cc00000| Untracked 
|  73|0x000000061d000000, 0x000000061d400000, 0x000000061d400000|100%| O|  |TAMS 0x000000061d400000, 0x000000061d000000| Untracked 
|  74|0x000000061d400000, 0x000000061d800000, 0x000000061d800000|100%| O|  |TAMS 0x000000061d800000, 0x000000061d400000| Untracked 
|  75|0x000000061d800000, 0x000000061dc00000, 0x000000061dc00000|100%| O|  |TAMS 0x000000061dc00000, 0x000000061d800000| Untracked 
|  76|0x000000061dc00000, 0x000000061e000000, 0x000000061e000000|100%| O|  |TAMS 0x000000061e000000, 0x000000061dc00000| Untracked 
|  77|0x000000061e000000, 0x000000061e400000, 0x000000061e400000|100%| O|  |TAMS 0x000000061e400000, 0x000000061e000000| Untracked 
|  78|0x000000061e400000, 0x000000061e800000, 0x000000061e800000|100%| O|  |TAMS 0x000000061e800000, 0x000000061e400000| Untracked 
|  79|0x000000061e800000, 0x000000061ec00000, 0x000000061ec00000|100%| O|  |TAMS 0x000000061ec00000, 0x000000061e800000| Untracked 
|  80|0x000000061ec00000, 0x000000061f000000, 0x000000061f000000|100%| O|  |TAMS 0x000000061f000000, 0x000000061ec00000| Untracked 
|  81|0x000000061f000000, 0x000000061f400000, 0x000000061f400000|100%| O|  |TAMS 0x000000061f400000, 0x000000061f000000| Untracked 
|  82|0x000000061f400000, 0x000000061f800000, 0x000000061f800000|100%| O|  |TAMS 0x000000061f800000, 0x000000061f400000| Untracked 
|  83|0x000000061f800000, 0x000000061fc00000, 0x000000061fc00000|100%| O|  |TAMS 0x000000061fc00000, 0x000000061f800000| Untracked 
|  84|0x000000061fc00000, 0x0000000620000000, 0x0000000620000000|100%| O|  |TAMS 0x0000000620000000, 0x000000061fc00000| Untracked 
|  85|0x0000000620000000, 0x0000000620400000, 0x0000000620400000|100%| O|  |TAMS 0x0000000620400000, 0x0000000620000000| Untracked 
|  86|0x0000000620400000, 0x0000000620800000, 0x0000000620800000|100%| O|  |TAMS 0x0000000620800000, 0x0000000620400000| Untracked 
|  87|0x0000000620800000, 0x0000000620c00000, 0x0000000620c00000|100%| O|  |TAMS 0x0000000620c00000, 0x0000000620800000| Untracked 
|  88|0x0000000620c00000, 0x0000000621000000, 0x0000000621000000|100%| O|  |TAMS 0x0000000621000000, 0x0000000620c00000| Untracked 
|  89|0x0000000621000000, 0x0000000621400000, 0x0000000621400000|100%| O|  |TAMS 0x0000000621400000, 0x0000000621000000| Untracked 
|  90|0x0000000621400000, 0x0000000621800000, 0x0000000621800000|100%| O|  |TAMS 0x0000000621800000, 0x0000000621400000| Untracked 
|  91|0x0000000621800000, 0x0000000621c00000, 0x0000000621c00000|100%| O|  |TAMS 0x0000000621c00000, 0x0000000621800000| Untracked 
|  92|0x0000000621c00000, 0x0000000622000000, 0x0000000622000000|100%| O|  |TAMS 0x0000000622000000, 0x0000000621c00000| Untracked 
|  93|0x0000000622000000, 0x0000000622400000, 0x0000000622400000|100%| O|  |TAMS 0x0000000622400000, 0x0000000622000000| Untracked 
|  94|0x0000000622400000, 0x0000000622800000, 0x0000000622800000|100%| O|  |TAMS 0x0000000622800000, 0x0000000622400000| Untracked 
|  95|0x0000000622800000, 0x0000000622c00000, 0x0000000622c00000|100%| O|  |TAMS 0x0000000622c00000, 0x0000000622800000| Untracked 
|  96|0x0000000622c00000, 0x0000000623000000, 0x0000000623000000|100%| O|  |TAMS 0x0000000623000000, 0x0000000622c00000| Untracked 
|  97|0x0000000623000000, 0x0000000623400000, 0x0000000623400000|100%| O|  |TAMS 0x0000000623400000, 0x0000000623000000| Untracked 
|  98|0x0000000623400000, 0x0000000623800000, 0x0000000623800000|100%| O|  |TAMS 0x0000000623800000, 0x0000000623400000| Untracked 
|  99|0x0000000623800000, 0x0000000623c00000, 0x0000000623c00000|100%| O|  |TAMS 0x0000000623c00000, 0x0000000623800000| Untracked 
| 100|0x0000000623c00000, 0x0000000624000000, 0x0000000624000000|100%| O|  |TAMS 0x0000000624000000, 0x0000000623c00000| Untracked 
| 101|0x0000000624000000, 0x0000000624400000, 0x0000000624400000|100%| O|  |TAMS 0x0000000624400000, 0x0000000624000000| Untracked 
| 102|0x0000000624400000, 0x0000000624800000, 0x0000000624800000|100%| O|  |TAMS 0x0000000624800000, 0x0000000624400000| Untracked 
| 103|0x0000000624800000, 0x0000000624c00000, 0x0000000624c00000|100%| O|  |TAMS 0x0000000624c00000, 0x0000000624800000| Untracked 
| 104|0x0000000624c00000, 0x0000000625000000, 0x0000000625000000|100%| O|  |TAMS 0x0000000625000000, 0x0000000624c00000| Untracked 
| 105|0x0000000625000000, 0x0000000625400000, 0x0000000625400000|100%| O|  |TAMS 0x0000000625400000, 0x0000000625000000| Untracked 
| 106|0x0000000625400000, 0x0000000625800000, 0x0000000625800000|100%| O|  |TAMS 0x0000000625800000, 0x0000000625400000| Untracked 
| 107|0x0000000625800000, 0x0000000625c00000, 0x0000000625c00000|100%| O|  |TAMS 0x0000000625c00000, 0x0000000625800000| Untracked 
| 108|0x0000000625c00000, 0x0000000626000000, 0x0000000626000000|100%| O|  |TAMS 0x0000000626000000, 0x0000000625c00000| Untracked 
| 109|0x0000000626000000, 0x0000000626400000, 0x0000000626400000|100%| O|  |TAMS 0x0000000626400000, 0x0000000626000000| Untracked 
| 110|0x0000000626400000, 0x0000000626800000, 0x0000000626800000|100%| O|  |TAMS 0x0000000626800000, 0x0000000626400000| Untracked 
| 111|0x0000000626800000, 0x0000000626c00000, 0x0000000626c00000|100%| O|  |TAMS 0x0000000626c00000, 0x0000000626800000| Untracked 
| 112|0x0000000626c00000, 0x0000000627000000, 0x0000000627000000|100%| O|  |TAMS 0x0000000627000000, 0x0000000626c00000| Untracked 
| 113|0x0000000627000000, 0x0000000627400000, 0x0000000627400000|100%| O|  |TAMS 0x0000000627400000, 0x0000000627000000| Untracked 
| 114|0x0000000627400000, 0x0000000627800000, 0x0000000627800000|100%| O|  |TAMS 0x0000000627800000, 0x0000000627400000| Untracked 
| 115|0x0000000627800000, 0x0000000627c00000, 0x0000000627c00000|100%| O|  |TAMS 0x0000000627c00000, 0x0000000627800000| Untracked 
| 116|0x0000000627c00000, 0x0000000628000000, 0x0000000628000000|100%| O|  |TAMS 0x0000000628000000, 0x0000000627c00000| Untracked 
| 117|0x0000000628000000, 0x0000000628400000, 0x0000000628400000|100%| O|  |TAMS 0x0000000628400000, 0x0000000628000000| Untracked 
| 118|0x0000000628400000, 0x0000000628800000, 0x0000000628800000|100%| O|  |TAMS 0x0000000628800000, 0x0000000628400000| Untracked 
| 119|0x0000000628800000, 0x0000000628c00000, 0x0000000628c00000|100%| O|  |TAMS 0x0000000628c00000, 0x0000000628800000| Untracked 
| 120|0x0000000628c00000, 0x0000000629000000, 0x0000000629000000|100%| O|  |TAMS 0x0000000629000000, 0x0000000628c00000| Untracked 
| 121|0x0000000629000000, 0x0000000629400000, 0x0000000629400000|100%| O|  |TAMS 0x0000000629400000, 0x0000000629000000| Untracked 
| 122|0x0000000629400000, 0x0000000629800000, 0x0000000629800000|100%| O|  |TAMS 0x0000000629800000, 0x0000000629400000| Untracked 
| 123|0x0000000629800000, 0x0000000629c00000, 0x0000000629c00000|100%| O|  |TAMS 0x0000000629c00000, 0x0000000629800000| Untracked 
| 124|0x0000000629c00000, 0x000000062a000000, 0x000000062a000000|100%| O|  |TAMS 0x000000062a000000, 0x0000000629c00000| Untracked 
| 125|0x000000062a000000, 0x000000062a400000, 0x000000062a400000|100%| O|  |TAMS 0x000000062a400000, 0x000000062a000000| Untracked 
| 126|0x000000062a400000, 0x000000062a800000, 0x000000062a800000|100%| O|  |TAMS 0x000000062a800000, 0x000000062a400000| Untracked 
| 127|0x000000062a800000, 0x000000062ac00000, 0x000000062ac00000|100%| O|  |TAMS 0x000000062ac00000, 0x000000062a800000| Untracked 
| 128|0x000000062ac00000, 0x000000062b000000, 0x000000062b000000|100%| O|  |TAMS 0x000000062b000000, 0x000000062ac00000| Untracked 
| 129|0x000000062b000000, 0x000000062b400000, 0x000000062b400000|100%| O|  |TAMS 0x000000062b400000, 0x000000062b000000| Untracked 
| 130|0x000000062b400000, 0x000000062b800000, 0x000000062b800000|100%| O|  |TAMS 0x000000062b800000, 0x000000062b400000| Untracked 
| 131|0x000000062b800000, 0x000000062bc00000, 0x000000062bc00000|100%| O|  |TAMS 0x000000062bc00000, 0x000000062b800000| Untracked 
| 132|0x000000062bc00000, 0x000000062c000000, 0x000000062c000000|100%| O|  |TAMS 0x000000062c000000, 0x000000062bc00000| Untracked 
| 133|0x000000062c000000, 0x000000062c400000, 0x000000062c400000|100%| O|  |TAMS 0x000000062c400000, 0x000000062c000000| Untracked 
| 134|0x000000062c400000, 0x000000062c800000, 0x000000062c800000|100%| O|  |TAMS 0x000000062c800000, 0x000000062c400000| Untracked 
| 135|0x000000062c800000, 0x000000062cc00000, 0x000000062cc00000|100%| O|  |TAMS 0x000000062cc00000, 0x000000062c800000| Untracked 
| 136|0x000000062cc00000, 0x000000062d000000, 0x000000062d000000|100%| O|  |TAMS 0x000000062d000000, 0x000000062cc00000| Untracked 
| 137|0x000000062d000000, 0x000000062d400000, 0x000000062d400000|100%| O|  |TAMS 0x000000062d400000, 0x000000062d000000| Untracked 
| 138|0x000000062d400000, 0x000000062d800000, 0x000000062d800000|100%| O|  |TAMS 0x000000062d800000, 0x000000062d400000| Untracked 
| 139|0x000000062d800000, 0x000000062dc00000, 0x000000062dc00000|100%| O|  |TAMS 0x000000062d800000, 0x000000062d800000| Untracked 
| 140|0x000000062dc00000, 0x000000062e000000, 0x000000062e000000|100%| O|  |TAMS 0x000000062e000000, 0x000000062dc00000| Untracked 
| 141|0x000000062e000000, 0x000000062e400000, 0x000000062e400000|100%| O|  |TAMS 0x000000062e400000, 0x000000062e000000| Untracked 
| 142|0x000000062e400000, 0x000000062e800000, 0x000000062e800000|100%| O|  |TAMS 0x000000062e800000, 0x000000062e400000| Untracked 
| 143|0x000000062e800000, 0x000000062ec00000, 0x000000062ec00000|100%| O|  |TAMS 0x000000062ec00000, 0x000000062e800000| Untracked 
| 144|0x000000062ec00000, 0x000000062f000000, 0x000000062f000000|100%| O|  |TAMS 0x000000062f000000, 0x000000062ec00000| Untracked 
| 145|0x000000062f000000, 0x000000062f400000, 0x000000062f400000|100%| O|  |TAMS 0x000000062f400000, 0x000000062f000000| Untracked 
| 146|0x000000062f400000, 0x000000062f800000, 0x000000062f800000|100%| O|  |TAMS 0x000000062f800000, 0x000000062f400000| Untracked 
| 147|0x000000062f800000, 0x000000062fc00000, 0x000000062fc00000|100%| O|  |TAMS 0x000000062fc00000, 0x000000062f800000| Untracked 
| 148|0x000000062fc00000, 0x0000000630000000, 0x0000000630000000|100%| O|  |TAMS 0x000000062fc00000, 0x000000062fc00000| Untracked 
| 149|0x0000000630000000, 0x0000000630400000, 0x0000000630400000|100%| O|  |TAMS 0x0000000630000000, 0x0000000630000000| Untracked 
| 150|0x0000000630400000, 0x0000000630800000, 0x0000000630800000|100%| O|  |TAMS 0x0000000630400000, 0x0000000630400000| Untracked 
| 151|0x0000000630800000, 0x0000000630c00000, 0x0000000630c00000|100%| O|  |TAMS 0x0000000630800000, 0x0000000630800000| Untracked 
| 152|0x0000000630c00000, 0x0000000631000000, 0x0000000631000000|100%| O|  |TAMS 0x0000000630c00000, 0x0000000630c00000| Untracked 
| 153|0x0000000631000000, 0x0000000631400000, 0x0000000631400000|100%| O|  |TAMS 0x0000000631000000, 0x0000000631000000| Untracked 
| 154|0x0000000631400000, 0x0000000631800000, 0x0000000631800000|100%| O|  |TAMS 0x0000000631477200, 0x0000000631400000| Untracked 
| 155|0x0000000631800000, 0x0000000631c00000, 0x0000000631c00000|100%| O|  |TAMS 0x0000000631800000, 0x0000000631800000| Untracked 
| 156|0x0000000631c00000, 0x0000000632000000, 0x0000000632000000|100%| O|  |TAMS 0x0000000631c00000, 0x0000000631c00000| Untracked 
| 157|0x0000000632000000, 0x0000000632400000, 0x0000000632400000|100%| O|  |TAMS 0x0000000632000000, 0x0000000632000000| Untracked 
| 158|0x0000000632400000, 0x0000000632800000, 0x0000000632800000|100%| O|  |TAMS 0x0000000632400000, 0x0000000632400000| Untracked 
| 159|0x0000000632800000, 0x0000000632c00000, 0x0000000632c00000|100%| O|  |TAMS 0x0000000632800000, 0x0000000632800000| Untracked 
| 160|0x0000000632c00000, 0x0000000633000000, 0x0000000633000000|100%| O|  |TAMS 0x0000000632c00000, 0x0000000632c00000| Untracked 
| 161|0x0000000633000000, 0x0000000633400000, 0x0000000633400000|100%| O|  |TAMS 0x0000000633000000, 0x0000000633000000| Untracked 
| 162|0x0000000633400000, 0x0000000633800000, 0x0000000633800000|100%| O|  |TAMS 0x0000000633400000, 0x0000000633400000| Untracked 
| 163|0x0000000633800000, 0x0000000633c00000, 0x0000000633c00000|100%| O|  |TAMS 0x0000000633800000, 0x0000000633800000| Untracked 
| 164|0x0000000633c00000, 0x0000000634000000, 0x0000000634000000|100%| O|  |TAMS 0x0000000633c00000, 0x0000000633c00000| Untracked 
| 165|0x0000000634000000, 0x0000000634400000, 0x0000000634400000|100%| O|  |TAMS 0x0000000634000000, 0x0000000634000000| Untracked 
| 166|0x0000000634400000, 0x0000000634800000, 0x0000000634800000|100%| O|  |TAMS 0x0000000634400000, 0x0000000634400000| Untracked 
| 167|0x0000000634800000, 0x0000000634c00000, 0x0000000634c00000|100%| O|  |TAMS 0x0000000634800000, 0x0000000634800000| Untracked 
| 168|0x0000000634c00000, 0x0000000635000000, 0x0000000635000000|100%| O|  |TAMS 0x0000000634c00000, 0x0000000634c00000| Untracked 
| 169|0x0000000635000000, 0x0000000635400000, 0x0000000635400000|100%| O|  |TAMS 0x0000000635000000, 0x0000000635000000| Untracked 
| 170|0x0000000635400000, 0x0000000635800000, 0x0000000635800000|100%| O|  |TAMS 0x0000000635400000, 0x0000000635400000| Untracked 
| 171|0x0000000635800000, 0x0000000635c00000, 0x0000000635c00000|100%| O|  |TAMS 0x0000000635800000, 0x0000000635800000| Untracked 
| 172|0x0000000635c00000, 0x0000000636000000, 0x0000000636000000|100%| O|  |TAMS 0x0000000635c00000, 0x0000000635c00000| Untracked 
| 173|0x0000000636000000, 0x0000000636400000, 0x0000000636400000|100%| O|  |TAMS 0x0000000636000000, 0x0000000636000000| Untracked 
| 174|0x0000000636400000, 0x0000000636800000, 0x0000000636800000|100%| O|  |TAMS 0x0000000636400000, 0x0000000636400000| Untracked 
| 175|0x0000000636800000, 0x0000000636c00000, 0x0000000636c00000|100%| O|  |TAMS 0x0000000636800000, 0x0000000636800000| Untracked 
| 176|0x0000000636c00000, 0x0000000637000000, 0x0000000637000000|100%| O|  |TAMS 0x0000000636c00000, 0x0000000636c00000| Untracked 
| 177|0x0000000637000000, 0x0000000637400000, 0x0000000637400000|100%| O|  |TAMS 0x0000000637000000, 0x0000000637000000| Untracked 
| 178|0x0000000637400000, 0x0000000637800000, 0x0000000637800000|100%| O|  |TAMS 0x0000000637400000, 0x0000000637400000| Untracked 
| 179|0x0000000637800000, 0x0000000637c00000, 0x0000000637c00000|100%| O|  |TAMS 0x0000000637800000, 0x0000000637800000| Untracked 
| 180|0x0000000637c00000, 0x0000000638000000, 0x0000000638000000|100%| O|  |TAMS 0x0000000637c00000, 0x0000000637c00000| Untracked 
| 181|0x0000000638000000, 0x0000000638400000, 0x0000000638400000|100%| O|  |TAMS 0x0000000638000000, 0x0000000638000000| Untracked 
| 182|0x0000000638400000, 0x0000000638800000, 0x0000000638800000|100%| O|  |TAMS 0x0000000638400000, 0x0000000638400000| Untracked 
| 183|0x0000000638800000, 0x0000000638c00000, 0x0000000638c00000|100%| O|  |TAMS 0x0000000638800000, 0x0000000638800000| Untracked 
| 184|0x0000000638c00000, 0x0000000639000000, 0x0000000639000000|100%| O|  |TAMS 0x0000000638c00000, 0x0000000638c00000| Untracked 
| 185|0x0000000639000000, 0x0000000639400000, 0x0000000639400000|100%| O|  |TAMS 0x0000000639000000, 0x0000000639000000| Untracked 
| 186|0x0000000639400000, 0x0000000639800000, 0x0000000639800000|100%| O|  |TAMS 0x0000000639400000, 0x0000000639400000| Untracked 
| 187|0x0000000639800000, 0x0000000639c00000, 0x0000000639c00000|100%| O|  |TAMS 0x0000000639800000, 0x0000000639800000| Untracked 
| 188|0x0000000639c00000, 0x000000063a000000, 0x000000063a000000|100%| O|  |TAMS 0x0000000639c00000, 0x0000000639c00000| Untracked 
| 189|0x000000063a000000, 0x000000063a400000, 0x000000063a400000|100%| O|  |TAMS 0x000000063a000000, 0x000000063a000000| Untracked 
| 190|0x000000063a400000, 0x000000063a800000, 0x000000063a800000|100%| O|  |TAMS 0x000000063a400000, 0x000000063a400000| Untracked 
| 191|0x000000063a800000, 0x000000063ac00000, 0x000000063ac00000|100%| O|  |TAMS 0x000000063a800000, 0x000000063a800000| Untracked 
| 192|0x000000063ac00000, 0x000000063b000000, 0x000000063b000000|100%| O|  |TAMS 0x000000063ac00000, 0x000000063ac00000| Untracked 
| 193|0x000000063b000000, 0x000000063b400000, 0x000000063b400000|100%| O|  |TAMS 0x000000063b000000, 0x000000063b000000| Untracked 
| 194|0x000000063b400000, 0x000000063b800000, 0x000000063b800000|100%| O|  |TAMS 0x000000063b400000, 0x000000063b400000| Untracked 
| 195|0x000000063b800000, 0x000000063bc00000, 0x000000063bc00000|100%| O|  |TAMS 0x000000063b800000, 0x000000063b800000| Untracked 
| 196|0x000000063bc00000, 0x000000063c000000, 0x000000063c000000|100%| O|  |TAMS 0x000000063bc00000, 0x000000063bc00000| Untracked 
| 197|0x000000063c000000, 0x000000063c400000, 0x000000063c400000|100%| O|  |TAMS 0x000000063c000000, 0x000000063c000000| Untracked 
| 198|0x000000063c400000, 0x000000063c800000, 0x000000063c800000|100%| O|  |TAMS 0x000000063c400000, 0x000000063c400000| Untracked 
| 199|0x000000063c800000, 0x000000063cc00000, 0x000000063cc00000|100%| O|  |TAMS 0x000000063c800000, 0x000000063c800000| Untracked 
| 200|0x000000063cc00000, 0x000000063d000000, 0x000000063d000000|100%| O|  |TAMS 0x000000063cc00000, 0x000000063cc00000| Untracked 
| 201|0x000000063d000000, 0x000000063d400000, 0x000000063d400000|100%| O|  |TAMS 0x000000063d000000, 0x000000063d000000| Untracked 
| 202|0x000000063d400000, 0x000000063d800000, 0x000000063d800000|100%| O|  |TAMS 0x000000063d400000, 0x000000063d400000| Untracked 
| 203|0x000000063d800000, 0x000000063dc00000, 0x000000063dc00000|100%| O|  |TAMS 0x000000063d800000, 0x000000063d800000| Untracked 
| 204|0x000000063dc00000, 0x000000063e000000, 0x000000063e000000|100%| O|  |TAMS 0x000000063dc00000, 0x000000063dc00000| Untracked 
| 205|0x000000063e000000, 0x000000063e400000, 0x000000063e400000|100%| O|  |TAMS 0x000000063e000000, 0x000000063e000000| Untracked 
| 206|0x000000063e400000, 0x000000063e800000, 0x000000063e800000|100%| O|  |TAMS 0x000000063e400000, 0x000000063e400000| Untracked 
| 207|0x000000063e800000, 0x000000063ec00000, 0x000000063ec00000|100%| O|  |TAMS 0x000000063e800000, 0x000000063e800000| Untracked 
| 208|0x000000063ec00000, 0x000000063f000000, 0x000000063f000000|100%| O|  |TAMS 0x000000063ec00000, 0x000000063ec00000| Untracked 
| 209|0x000000063f000000, 0x000000063f400000, 0x000000063f400000|100%| O|  |TAMS 0x000000063f000000, 0x000000063f000000| Untracked 
| 210|0x000000063f400000, 0x000000063f800000, 0x000000063f800000|100%| O|  |TAMS 0x000000063f400000, 0x000000063f400000| Untracked 
| 211|0x000000063f800000, 0x000000063fc00000, 0x000000063fc00000|100%| O|  |TAMS 0x000000063f800000, 0x000000063f800000| Untracked 
| 212|0x000000063fc00000, 0x0000000640000000, 0x0000000640000000|100%| O|  |TAMS 0x000000063fc00000, 0x000000063fc00000| Untracked 
| 213|0x0000000640000000, 0x0000000640400000, 0x0000000640400000|100%| O|  |TAMS 0x0000000640000000, 0x0000000640000000| Untracked 
| 214|0x0000000640400000, 0x0000000640800000, 0x0000000640800000|100%| O|  |TAMS 0x0000000640400000, 0x0000000640400000| Untracked 
| 215|0x0000000640800000, 0x0000000640c00000, 0x0000000640c00000|100%| O|  |TAMS 0x0000000640800000, 0x0000000640800000| Untracked 
| 216|0x0000000640c00000, 0x0000000641000000, 0x0000000641000000|100%| O|  |TAMS 0x0000000640c00000, 0x0000000640c00000| Untracked 
| 217|0x0000000641000000, 0x0000000641400000, 0x0000000641400000|100%| O|  |TAMS 0x0000000641000000, 0x0000000641000000| Untracked 
| 218|0x0000000641400000, 0x0000000641800000, 0x0000000641800000|100%| O|  |TAMS 0x0000000641400000, 0x0000000641400000| Untracked 
| 219|0x0000000641800000, 0x0000000641c00000, 0x0000000641c00000|100%| O|  |TAMS 0x0000000641800000, 0x0000000641800000| Untracked 
| 220|0x0000000641c00000, 0x0000000642000000, 0x0000000642000000|100%| O|  |TAMS 0x0000000641c00000, 0x0000000641c00000| Untracked 
| 221|0x0000000642000000, 0x0000000642400000, 0x0000000642400000|100%| O|  |TAMS 0x0000000642000000, 0x0000000642000000| Untracked 
| 222|0x0000000642400000, 0x0000000642800000, 0x0000000642800000|100%| O|  |TAMS 0x0000000642400000, 0x0000000642400000| Untracked 
| 223|0x0000000642800000, 0x0000000642c00000, 0x0000000642c00000|100%| O|  |TAMS 0x0000000642800000, 0x0000000642800000| Untracked 
| 224|0x0000000642c00000, 0x0000000643000000, 0x0000000643000000|100%| O|  |TAMS 0x0000000642c00000, 0x0000000642c00000| Untracked 
| 225|0x0000000643000000, 0x0000000643400000, 0x0000000643400000|100%| O|  |TAMS 0x0000000643000000, 0x0000000643000000| Untracked 
| 226|0x0000000643400000, 0x0000000643800000, 0x0000000643800000|100%| O|  |TAMS 0x0000000643400000, 0x0000000643400000| Untracked 
| 227|0x0000000643800000, 0x0000000643c00000, 0x0000000643c00000|100%| O|  |TAMS 0x0000000643800000, 0x0000000643800000| Untracked 
| 228|0x0000000643c00000, 0x0000000644000000, 0x0000000644000000|100%| O|  |TAMS 0x0000000643c00000, 0x0000000643c00000| Untracked 
| 229|0x0000000644000000, 0x0000000644400000, 0x0000000644400000|100%| O|  |TAMS 0x0000000644000000, 0x0000000644000000| Untracked 
| 230|0x0000000644400000, 0x0000000644800000, 0x0000000644800000|100%| O|  |TAMS 0x0000000644400000, 0x0000000644400000| Untracked 
| 231|0x0000000644800000, 0x0000000644c00000, 0x0000000644c00000|100%| O|  |TAMS 0x0000000644800000, 0x0000000644800000| Untracked 
| 232|0x0000000644c00000, 0x0000000645000000, 0x0000000645000000|100%| O|  |TAMS 0x0000000644c00000, 0x0000000644c00000| Untracked 
| 233|0x0000000645000000, 0x0000000645400000, 0x0000000645400000|100%| O|  |TAMS 0x0000000645000000, 0x0000000645000000| Untracked 
| 234|0x0000000645400000, 0x0000000645800000, 0x0000000645800000|100%| O|  |TAMS 0x0000000645400000, 0x0000000645400000| Untracked 
| 235|0x0000000645800000, 0x0000000645c00000, 0x0000000645c00000|100%| O|  |TAMS 0x0000000645800000, 0x0000000645800000| Untracked 
| 236|0x0000000645c00000, 0x0000000646000000, 0x0000000646000000|100%| O|  |TAMS 0x0000000645c00000, 0x0000000645c00000| Untracked 
| 237|0x0000000646000000, 0x0000000646400000, 0x0000000646400000|100%| O|  |TAMS 0x0000000646000000, 0x0000000646000000| Untracked 
| 238|0x0000000646400000, 0x0000000646800000, 0x0000000646800000|100%| O|  |TAMS 0x0000000646400000, 0x0000000646400000| Untracked 
| 239|0x0000000646800000, 0x0000000646c00000, 0x0000000646c00000|100%| O|  |TAMS 0x0000000646800000, 0x0000000646800000| Untracked 
| 240|0x0000000646c00000, 0x0000000647000000, 0x0000000647000000|100%| O|  |TAMS 0x0000000646c00000, 0x0000000646c00000| Untracked 
| 241|0x0000000647000000, 0x0000000647400000, 0x0000000647400000|100%| O|  |TAMS 0x0000000647000000, 0x0000000647000000| Untracked 
| 242|0x0000000647400000, 0x0000000647800000, 0x0000000647800000|100%| O|  |TAMS 0x0000000647400000, 0x0000000647400000| Untracked 
| 243|0x0000000647800000, 0x0000000647c00000, 0x0000000647c00000|100%| O|  |TAMS 0x0000000647800000, 0x0000000647800000| Untracked 
| 244|0x0000000647c00000, 0x0000000648000000, 0x0000000648000000|100%| O|  |TAMS 0x0000000647c00000, 0x0000000647c00000| Untracked 
| 245|0x0000000648000000, 0x0000000648400000, 0x0000000648400000|100%| O|  |TAMS 0x0000000648000000, 0x0000000648000000| Untracked 
| 246|0x0000000648400000, 0x0000000648800000, 0x0000000648800000|100%| O|  |TAMS 0x0000000648400000, 0x0000000648400000| Untracked 
| 247|0x0000000648800000, 0x0000000648c00000, 0x0000000648c00000|100%| O|  |TAMS 0x0000000648800000, 0x0000000648800000| Untracked 
| 248|0x0000000648c00000, 0x0000000649000000, 0x0000000649000000|100%| O|  |TAMS 0x0000000648c00000, 0x0000000648c00000| Untracked 
| 249|0x0000000649000000, 0x0000000649400000, 0x0000000649400000|100%| O|  |TAMS 0x0000000649000000, 0x0000000649000000| Untracked 
| 250|0x0000000649400000, 0x0000000649800000, 0x0000000649800000|100%| O|  |TAMS 0x0000000649400000, 0x0000000649400000| Untracked 
| 251|0x0000000649800000, 0x0000000649c00000, 0x0000000649c00000|100%| O|  |TAMS 0x0000000649800000, 0x0000000649800000| Untracked 
| 252|0x0000000649c00000, 0x000000064a000000, 0x000000064a000000|100%| O|  |TAMS 0x0000000649c00000, 0x0000000649c00000| Untracked 
| 253|0x000000064a000000, 0x000000064a400000, 0x000000064a400000|100%| O|  |TAMS 0x000000064a400000, 0x000000064a000000| Untracked 
| 254|0x000000064a400000, 0x000000064a800000, 0x000000064a800000|100%| O|  |TAMS 0x000000064a400000, 0x000000064a400000| Untracked 
| 255|0x000000064a800000, 0x000000064ac00000, 0x000000064ac00000|100%| O|  |TAMS 0x000000064a800000, 0x000000064a800000| Untracked 
| 256|0x000000064ac00000, 0x000000064b000000, 0x000000064b000000|100%| O|  |TAMS 0x000000064ac00000, 0x000000064ac00000| Untracked 
| 257|0x000000064b000000, 0x000000064b400000, 0x000000064b400000|100%| O|  |TAMS 0x000000064b000000, 0x000000064b000000| Untracked 
| 258|0x000000064b400000, 0x000000064b800000, 0x000000064b800000|100%| O|  |TAMS 0x000000064b400000, 0x000000064b400000| Untracked 
| 259|0x000000064b800000, 0x000000064bc00000, 0x000000064bc00000|100%| O|  |TAMS 0x000000064b800000, 0x000000064b800000| Untracked 
| 260|0x000000064bc00000, 0x000000064c000000, 0x000000064c000000|100%| O|  |TAMS 0x000000064bc00000, 0x000000064bc00000| Untracked 
| 261|0x000000064c000000, 0x000000064c400000, 0x000000064c400000|100%| O|  |TAMS 0x000000064c000000, 0x000000064c000000| Untracked 
| 262|0x000000064c400000, 0x000000064c800000, 0x000000064c800000|100%| O|  |TAMS 0x000000064c400000, 0x000000064c400000| Untracked 
| 263|0x000000064c800000, 0x000000064cc00000, 0x000000064cc00000|100%| O|  |TAMS 0x000000064c800000, 0x000000064c800000| Untracked 
| 264|0x000000064cc00000, 0x000000064d000000, 0x000000064d000000|100%| O|  |TAMS 0x000000064cc00000, 0x000000064cc00000| Untracked 
| 265|0x000000064d000000, 0x000000064d400000, 0x000000064d400000|100%| O|  |TAMS 0x000000064d000000, 0x000000064d000000| Untracked 
| 266|0x000000064d400000, 0x000000064d800000, 0x000000064d800000|100%| O|  |TAMS 0x000000064d400000, 0x000000064d400000| Untracked 
| 267|0x000000064d800000, 0x000000064dc00000, 0x000000064dc00000|100%| O|  |TAMS 0x000000064d800000, 0x000000064d800000| Untracked 
| 268|0x000000064dc00000, 0x000000064e000000, 0x000000064e000000|100%| O|  |TAMS 0x000000064dc00000, 0x000000064dc00000| Untracked 
| 269|0x000000064e000000, 0x000000064e400000, 0x000000064e400000|100%| O|  |TAMS 0x000000064e000000, 0x000000064e000000| Untracked 
| 270|0x000000064e400000, 0x000000064e800000, 0x000000064e800000|100%| O|  |TAMS 0x000000064e400000, 0x000000064e400000| Untracked 
| 271|0x000000064e800000, 0x000000064ec00000, 0x000000064ec00000|100%| O|  |TAMS 0x000000064e800000, 0x000000064e800000| Untracked 
| 272|0x000000064ec00000, 0x000000064f000000, 0x000000064f000000|100%| O|  |TAMS 0x000000064ec00000, 0x000000064ec00000| Untracked 
| 273|0x000000064f000000, 0x000000064f400000, 0x000000064f400000|100%| O|  |TAMS 0x000000064f000000, 0x000000064f000000| Untracked 
| 274|0x000000064f400000, 0x000000064f800000, 0x000000064f800000|100%| O|  |TAMS 0x000000064f400000, 0x000000064f400000| Untracked 
| 275|0x000000064f800000, 0x000000064fc00000, 0x000000064fc00000|100%| O|  |TAMS 0x000000064f800000, 0x000000064f800000| Untracked 
| 276|0x000000064fc00000, 0x0000000650000000, 0x0000000650000000|100%| O|  |TAMS 0x000000064fc00000, 0x000000064fc00000| Untracked 
| 277|0x0000000650000000, 0x0000000650246800, 0x0000000650400000| 56%| O|  |TAMS 0x0000000650000000, 0x0000000650000000| Untracked 
| 278|0x0000000650400000, 0x0000000650400000, 0x0000000650800000|  0%| F|  |TAMS 0x0000000650400000, 0x0000000650400000| Untracked 
| 279|0x0000000650800000, 0x0000000650800000, 0x0000000650c00000|  0%| F|  |TAMS 0x0000000650800000, 0x0000000650800000| Untracked 
| 280|0x0000000650c00000, 0x0000000650c00000, 0x0000000651000000|  0%| F|  |TAMS 0x0000000650c00000, 0x0000000650c00000| Untracked 
| 281|0x0000000651000000, 0x0000000651000000, 0x0000000651400000|  0%| F|  |TAMS 0x0000000651000000, 0x0000000651000000| Untracked 
| 282|0x0000000651400000, 0x0000000651400000, 0x0000000651800000|  0%| F|  |TAMS 0x0000000651400000, 0x0000000651400000| Untracked 
| 283|0x0000000651800000, 0x0000000651800000, 0x0000000651c00000|  0%| F|  |TAMS 0x0000000651800000, 0x0000000651800000| Untracked 
| 284|0x0000000651c00000, 0x0000000651c00000, 0x0000000652000000|  0%| F|  |TAMS 0x0000000651c00000, 0x0000000651c00000| Untracked 
| 285|0x0000000652000000, 0x0000000652000000, 0x0000000652400000|  0%| F|  |TAMS 0x0000000652000000, 0x0000000652000000| Untracked 
| 286|0x0000000652400000, 0x0000000652800000, 0x0000000652800000|100%|HS|  |TAMS 0x0000000652400000, 0x0000000652400000| Complete 
| 287|0x0000000652800000, 0x0000000652c00000, 0x0000000652c00000|100%|HC|  |TAMS 0x0000000652800000, 0x0000000652800000| Complete 
| 288|0x0000000652c00000, 0x0000000653000000, 0x0000000653000000|100%|HC|  |TAMS 0x0000000652c00000, 0x0000000652c00000| Complete 
| 289|0x0000000653000000, 0x0000000653400000, 0x0000000653400000|100%|HC|  |TAMS 0x0000000653000000, 0x0000000653000000| Complete 
| 290|0x0000000653400000, 0x0000000653800000, 0x0000000653800000|100%|HC|  |TAMS 0x0000000653400000, 0x0000000653400000| Complete 
| 291|0x0000000653800000, 0x0000000653c00000, 0x0000000653c00000|100%|HC|  |TAMS 0x0000000653800000, 0x0000000653800000| Complete 
| 292|0x0000000653c00000, 0x0000000654000000, 0x0000000654000000|100%|HC|  |TAMS 0x0000000653c00000, 0x0000000653c00000| Complete 
| 293|0x0000000654000000, 0x0000000654400000, 0x0000000654400000|100%|HC|  |TAMS 0x0000000654000000, 0x0000000654000000| Complete 
| 294|0x0000000654400000, 0x0000000654400000, 0x0000000654800000|  0%| F|  |TAMS 0x0000000654400000, 0x0000000654400000| Untracked 
| 295|0x0000000654800000, 0x0000000654800000, 0x0000000654c00000|  0%| F|  |TAMS 0x0000000654800000, 0x0000000654800000| Untracked 
| 296|0x0000000654c00000, 0x0000000654c00000, 0x0000000655000000|  0%| F|  |TAMS 0x0000000654c00000, 0x0000000654c00000| Untracked 
| 297|0x0000000655000000, 0x0000000655000000, 0x0000000655400000|  0%| F|  |TAMS 0x0000000655000000, 0x0000000655000000| Untracked 
| 298|0x0000000655400000, 0x0000000655400000, 0x0000000655800000|  0%| F|  |TAMS 0x0000000655400000, 0x0000000655400000| Untracked 
| 299|0x0000000655800000, 0x0000000655800000, 0x0000000655c00000|  0%| F|  |TAMS 0x0000000655800000, 0x0000000655800000| Untracked 
| 300|0x0000000655c00000, 0x0000000655c00000, 0x0000000656000000|  0%| F|  |TAMS 0x0000000655c00000, 0x0000000655c00000| Untracked 
| 301|0x0000000656000000, 0x0000000656000000, 0x0000000656400000|  0%| F|  |TAMS 0x0000000656000000, 0x0000000656000000| Untracked 
| 302|0x0000000656400000, 0x0000000656400000, 0x0000000656800000|  0%| F|  |TAMS 0x0000000656400000, 0x0000000656400000| Untracked 
| 303|0x0000000656800000, 0x0000000656800000, 0x0000000656c00000|  0%| F|  |TAMS 0x0000000656800000, 0x0000000656800000| Untracked 
| 304|0x0000000656c00000, 0x0000000656c00000, 0x0000000657000000|  0%| F|  |TAMS 0x0000000656c00000, 0x0000000656c00000| Untracked 
| 305|0x0000000657000000, 0x0000000657000000, 0x0000000657400000|  0%| F|  |TAMS 0x0000000657000000, 0x0000000657000000| Untracked 
| 306|0x0000000657400000, 0x0000000657400000, 0x0000000657800000|  0%| F|  |TAMS 0x0000000657400000, 0x0000000657400000| Untracked 
| 307|0x0000000657800000, 0x0000000657800000, 0x0000000657c00000|  0%| F|  |TAMS 0x0000000657800000, 0x0000000657800000| Untracked 
| 308|0x0000000657c00000, 0x0000000657c00000, 0x0000000658000000|  0%| F|  |TAMS 0x0000000657c00000, 0x0000000657c00000| Untracked 
| 309|0x0000000658000000, 0x0000000658400000, 0x0000000658400000|100%| O|  |TAMS 0x0000000658400000, 0x0000000658000000| Untracked 
| 310|0x0000000658400000, 0x0000000658800000, 0x0000000658800000|100%| O|  |TAMS 0x0000000658800000, 0x0000000658400000| Untracked 
| 311|0x0000000658800000, 0x0000000658c00000, 0x0000000658c00000|100%| O|  |TAMS 0x0000000658c00000, 0x0000000658800000| Untracked 
| 312|0x0000000658c00000, 0x0000000659000000, 0x0000000659000000|100%| O|  |TAMS 0x0000000659000000, 0x0000000658c00000| Untracked 
| 313|0x0000000659000000, 0x0000000659400000, 0x0000000659400000|100%| O|  |TAMS 0x0000000659400000, 0x0000000659000000| Untracked 
| 314|0x0000000659400000, 0x0000000659800000, 0x0000000659800000|100%| O|  |TAMS 0x0000000659800000, 0x0000000659400000| Untracked 
| 315|0x0000000659800000, 0x0000000659c00000, 0x0000000659c00000|100%| O|  |TAMS 0x0000000659c00000, 0x0000000659800000| Untracked 
| 316|0x0000000659c00000, 0x000000065a000000, 0x000000065a000000|100%| O|  |TAMS 0x000000065a000000, 0x0000000659c00000| Untracked 
| 317|0x000000065a000000, 0x000000065a400000, 0x000000065a400000|100%| O|  |TAMS 0x000000065a400000, 0x000000065a000000| Untracked 
| 318|0x000000065a400000, 0x000000065a800000, 0x000000065a800000|100%| O|  |TAMS 0x000000065a800000, 0x000000065a400000| Untracked 
| 319|0x000000065a800000, 0x000000065ac00000, 0x000000065ac00000|100%| O|  |TAMS 0x000000065ac00000, 0x000000065a800000| Untracked 
| 320|0x000000065ac00000, 0x000000065b000000, 0x000000065b000000|100%| O|  |TAMS 0x000000065b000000, 0x000000065ac00000| Untracked 
| 321|0x000000065b000000, 0x000000065b000000, 0x000000065b400000|  0%| F|  |TAMS 0x000000065b000000, 0x000000065b000000| Untracked 
| 322|0x000000065b400000, 0x000000065b400000, 0x000000065b800000|  0%| F|  |TAMS 0x000000065b400000, 0x000000065b400000| Untracked 
| 323|0x000000065b800000, 0x000000065b800000, 0x000000065bc00000|  0%| F|  |TAMS 0x000000065b800000, 0x000000065b800000| Untracked 
| 324|0x000000065bc00000, 0x000000065c000000, 0x000000065c000000|100%| O|  |TAMS 0x000000065c000000, 0x000000065bc00000| Untracked 
| 325|0x000000065c000000, 0x000000065c400000, 0x000000065c400000|100%| O|  |TAMS 0x000000065c400000, 0x000000065c000000| Untracked 
| 326|0x000000065c400000, 0x000000065c800000, 0x000000065c800000|100%| O|  |TAMS 0x000000065c800000, 0x000000065c400000| Untracked 
| 327|0x000000065c800000, 0x000000065cc00000, 0x000000065cc00000|100%| O|  |TAMS 0x000000065cc00000, 0x000000065c800000| Untracked 
| 328|0x000000065cc00000, 0x000000065d000000, 0x000000065d000000|100%| O|  |TAMS 0x000000065d000000, 0x000000065cc00000| Untracked 
| 329|0x000000065d000000, 0x000000065d400000, 0x000000065d400000|100%| O|  |TAMS 0x000000065d400000, 0x000000065d000000| Untracked 
| 330|0x000000065d400000, 0x000000065d800000, 0x000000065d800000|100%| O|  |TAMS 0x000000065d800000, 0x000000065d400000| Untracked 
| 331|0x000000065d800000, 0x000000065dc00000, 0x000000065dc00000|100%| O|  |TAMS 0x000000065dc00000, 0x000000065d800000| Untracked 
| 332|0x000000065dc00000, 0x000000065e000000, 0x000000065e000000|100%| O|  |TAMS 0x000000065e000000, 0x000000065dc00000| Untracked 
| 333|0x000000065e000000, 0x000000065e400000, 0x000000065e400000|100%| O|  |TAMS 0x000000065e400000, 0x000000065e000000| Untracked 
| 334|0x000000065e400000, 0x000000065e800000, 0x000000065e800000|100%| O|  |TAMS 0x000000065e800000, 0x000000065e400000| Untracked 
| 335|0x000000065e800000, 0x000000065ec00000, 0x000000065ec00000|100%| O|  |TAMS 0x000000065ec00000, 0x000000065e800000| Untracked 
| 336|0x000000065ec00000, 0x000000065f000000, 0x000000065f000000|100%| O|  |TAMS 0x000000065f000000, 0x000000065ec00000| Untracked 
| 337|0x000000065f000000, 0x000000065f000000, 0x000000065f400000|  0%| F|  |TAMS 0x000000065f000000, 0x000000065f000000| Untracked 
| 338|0x000000065f400000, 0x000000065f400000, 0x000000065f800000|  0%| F|  |TAMS 0x000000065f400000, 0x000000065f400000| Untracked 
| 339|0x000000065f800000, 0x000000065f800000, 0x000000065fc00000|  0%| F|  |TAMS 0x000000065f800000, 0x000000065f800000| Untracked 
| 340|0x000000065fc00000, 0x000000065fc00000, 0x0000000660000000|  0%| F|  |TAMS 0x000000065fc00000, 0x000000065fc00000| Untracked 
| 341|0x0000000660000000, 0x0000000660000000, 0x0000000660400000|  0%| F|  |TAMS 0x0000000660000000, 0x0000000660000000| Untracked 
| 342|0x0000000660400000, 0x0000000660400000, 0x0000000660800000|  0%| F|  |TAMS 0x0000000660400000, 0x0000000660400000| Untracked 
| 343|0x0000000660800000, 0x0000000660800000, 0x0000000660c00000|  0%| F|  |TAMS 0x0000000660800000, 0x0000000660800000| Untracked 
| 344|0x0000000660c00000, 0x0000000660c00000, 0x0000000661000000|  0%| F|  |TAMS 0x0000000660c00000, 0x0000000660c00000| Untracked 
| 345|0x0000000661000000, 0x0000000661000000, 0x0000000661400000|  0%| F|  |TAMS 0x0000000661000000, 0x0000000661000000| Untracked 
| 346|0x0000000661400000, 0x0000000661400000, 0x0000000661800000|  0%| F|  |TAMS 0x0000000661400000, 0x0000000661400000| Untracked 
| 347|0x0000000661800000, 0x0000000661800000, 0x0000000661c00000|  0%| F|  |TAMS 0x0000000661800000, 0x0000000661800000| Untracked 
| 348|0x0000000661c00000, 0x0000000661c00000, 0x0000000662000000|  0%| F|  |TAMS 0x0000000661c00000, 0x0000000661c00000| Untracked 
| 349|0x0000000662000000, 0x0000000662000000, 0x0000000662400000|  0%| F|  |TAMS 0x0000000662000000, 0x0000000662000000| Untracked 
| 350|0x0000000662400000, 0x0000000662400000, 0x0000000662800000|  0%| F|  |TAMS 0x0000000662400000, 0x0000000662400000| Untracked 
| 351|0x0000000662800000, 0x0000000662800000, 0x0000000662c00000|  0%| F|  |TAMS 0x0000000662800000, 0x0000000662800000| Untracked 
| 352|0x0000000662c00000, 0x0000000662c00000, 0x0000000663000000|  0%| F|  |TAMS 0x0000000662c00000, 0x0000000662c00000| Untracked 
| 353|0x0000000663000000, 0x0000000663000000, 0x0000000663400000|  0%| F|  |TAMS 0x0000000663000000, 0x0000000663000000| Untracked 
| 354|0x0000000663400000, 0x0000000663400000, 0x0000000663800000|  0%| F|  |TAMS 0x0000000663400000, 0x0000000663400000| Untracked 
| 355|0x0000000663800000, 0x0000000663800000, 0x0000000663c00000|  0%| F|  |TAMS 0x0000000663800000, 0x0000000663800000| Untracked 
| 356|0x0000000663c00000, 0x0000000663c00000, 0x0000000664000000|  0%| F|  |TAMS 0x0000000663c00000, 0x0000000663c00000| Untracked 
| 357|0x0000000664000000, 0x0000000664000000, 0x0000000664400000|  0%| F|  |TAMS 0x0000000664000000, 0x0000000664000000| Untracked 
| 358|0x0000000664400000, 0x0000000664400000, 0x0000000664800000|  0%| F|  |TAMS 0x0000000664400000, 0x0000000664400000| Untracked 
| 359|0x0000000664800000, 0x0000000664800000, 0x0000000664c00000|  0%| F|  |TAMS 0x0000000664800000, 0x0000000664800000| Untracked 
| 360|0x0000000664c00000, 0x0000000664c00000, 0x0000000665000000|  0%| F|  |TAMS 0x0000000664c00000, 0x0000000664c00000| Untracked 
| 361|0x0000000665000000, 0x0000000665000000, 0x0000000665400000|  0%| F|  |TAMS 0x0000000665000000, 0x0000000665000000| Untracked 
| 362|0x0000000665400000, 0x0000000665400000, 0x0000000665800000|  0%| F|  |TAMS 0x0000000665400000, 0x0000000665400000| Untracked 
| 363|0x0000000665800000, 0x0000000665800000, 0x0000000665c00000|  0%| F|  |TAMS 0x0000000665800000, 0x0000000665800000| Untracked 
| 364|0x0000000665c00000, 0x0000000665c00000, 0x0000000666000000|  0%| F|  |TAMS 0x0000000665c00000, 0x0000000665c00000| Untracked 
| 365|0x0000000666000000, 0x0000000666000000, 0x0000000666400000|  0%| F|  |TAMS 0x0000000666000000, 0x0000000666000000| Untracked 
| 366|0x0000000666400000, 0x0000000666400000, 0x0000000666800000|  0%| F|  |TAMS 0x0000000666400000, 0x0000000666400000| Untracked 
| 367|0x0000000666800000, 0x0000000666800000, 0x0000000666c00000|  0%| F|  |TAMS 0x0000000666800000, 0x0000000666800000| Untracked 
| 368|0x0000000666c00000, 0x0000000666c00000, 0x0000000667000000|  0%| F|  |TAMS 0x0000000666c00000, 0x0000000666c00000| Untracked 
| 369|0x0000000667000000, 0x0000000667000000, 0x0000000667400000|  0%| F|  |TAMS 0x0000000667000000, 0x0000000667000000| Untracked 
| 370|0x0000000667400000, 0x0000000667400000, 0x0000000667800000|  0%| F|  |TAMS 0x0000000667400000, 0x0000000667400000| Untracked 
| 371|0x0000000667800000, 0x0000000667800000, 0x0000000667c00000|  0%| F|  |TAMS 0x0000000667800000, 0x0000000667800000| Untracked 
| 372|0x0000000667c00000, 0x0000000667c00000, 0x0000000668000000|  0%| F|  |TAMS 0x0000000667c00000, 0x0000000667c00000| Untracked 
| 373|0x0000000668000000, 0x0000000668000000, 0x0000000668400000|  0%| F|  |TAMS 0x0000000668000000, 0x0000000668000000| Untracked 
| 374|0x0000000668400000, 0x0000000668400000, 0x0000000668800000|  0%| F|  |TAMS 0x0000000668400000, 0x0000000668400000| Untracked 
| 375|0x0000000668800000, 0x0000000668800000, 0x0000000668c00000|  0%| F|  |TAMS 0x0000000668800000, 0x0000000668800000| Untracked 
| 376|0x0000000668c00000, 0x0000000668c00000, 0x0000000669000000|  0%| F|  |TAMS 0x0000000668c00000, 0x0000000668c00000| Untracked 
| 377|0x0000000669000000, 0x0000000669000000, 0x0000000669400000|  0%| F|  |TAMS 0x0000000669000000, 0x0000000669000000| Untracked 
| 378|0x0000000669400000, 0x0000000669400000, 0x0000000669800000|  0%| F|  |TAMS 0x0000000669400000, 0x0000000669400000| Untracked 
| 379|0x0000000669800000, 0x0000000669800000, 0x0000000669c00000|  0%| F|  |TAMS 0x0000000669800000, 0x0000000669800000| Untracked 
| 380|0x0000000669c00000, 0x0000000669c00000, 0x000000066a000000|  0%| F|  |TAMS 0x0000000669c00000, 0x0000000669c00000| Untracked 
| 381|0x000000066a000000, 0x000000066a000000, 0x000000066a400000|  0%| F|  |TAMS 0x000000066a000000, 0x000000066a000000| Untracked 
| 382|0x000000066a400000, 0x000000066a400000, 0x000000066a800000|  0%| F|  |TAMS 0x000000066a400000, 0x000000066a400000| Untracked 
| 383|0x000000066a800000, 0x000000066a800000, 0x000000066ac00000|  0%| F|  |TAMS 0x000000066a800000, 0x000000066a800000| Untracked 
| 384|0x000000066ac00000, 0x000000066ac00000, 0x000000066b000000|  0%| F|  |TAMS 0x000000066ac00000, 0x000000066ac00000| Untracked 
| 385|0x000000066b000000, 0x000000066b000000, 0x000000066b400000|  0%| F|  |TAMS 0x000000066b000000, 0x000000066b000000| Untracked 
| 386|0x000000066b400000, 0x000000066b400000, 0x000000066b800000|  0%| F|  |TAMS 0x000000066b400000, 0x000000066b400000| Untracked 
| 387|0x000000066b800000, 0x000000066b800000, 0x000000066bc00000|  0%| F|  |TAMS 0x000000066b800000, 0x000000066b800000| Untracked 
| 388|0x000000066bc00000, 0x000000066bc00000, 0x000000066c000000|  0%| F|  |TAMS 0x000000066bc00000, 0x000000066bc00000| Untracked 
| 389|0x000000066c000000, 0x000000066c000000, 0x000000066c400000|  0%| F|  |TAMS 0x000000066c000000, 0x000000066c000000| Untracked 
| 390|0x000000066c400000, 0x000000066c400000, 0x000000066c800000|  0%| F|  |TAMS 0x000000066c400000, 0x000000066c400000| Untracked 
| 391|0x000000066c800000, 0x000000066c800000, 0x000000066cc00000|  0%| F|  |TAMS 0x000000066c800000, 0x000000066c800000| Untracked 
| 392|0x000000066cc00000, 0x000000066cc00000, 0x000000066d000000|  0%| F|  |TAMS 0x000000066cc00000, 0x000000066cc00000| Untracked 
| 393|0x000000066d000000, 0x000000066d000000, 0x000000066d400000|  0%| F|  |TAMS 0x000000066d000000, 0x000000066d000000| Untracked 
| 394|0x000000066d400000, 0x000000066d400000, 0x000000066d800000|  0%| F|  |TAMS 0x000000066d400000, 0x000000066d400000| Untracked 
| 395|0x000000066d800000, 0x000000066d800000, 0x000000066dc00000|  0%| F|  |TAMS 0x000000066d800000, 0x000000066d800000| Untracked 
| 396|0x000000066dc00000, 0x000000066dc00000, 0x000000066e000000|  0%| F|  |TAMS 0x000000066dc00000, 0x000000066dc00000| Untracked 
| 397|0x000000066e000000, 0x000000066e000000, 0x000000066e400000|  0%| F|  |TAMS 0x000000066e000000, 0x000000066e000000| Untracked 
| 398|0x000000066e400000, 0x000000066e400000, 0x000000066e800000|  0%| F|  |TAMS 0x000000066e400000, 0x000000066e400000| Untracked 
| 399|0x000000066e800000, 0x000000066e800000, 0x000000066ec00000|  0%| F|  |TAMS 0x000000066e800000, 0x000000066e800000| Untracked 
| 400|0x000000066ec00000, 0x000000066ec00000, 0x000000066f000000|  0%| F|  |TAMS 0x000000066ec00000, 0x000000066ec00000| Untracked 
| 401|0x000000066f000000, 0x000000066f000000, 0x000000066f400000|  0%| F|  |TAMS 0x000000066f000000, 0x000000066f000000| Untracked 
| 402|0x000000066f400000, 0x000000066f400000, 0x000000066f800000|  0%| F|  |TAMS 0x000000066f400000, 0x000000066f400000| Untracked 
| 403|0x000000066f800000, 0x000000066f800000, 0x000000066fc00000|  0%| F|  |TAMS 0x000000066f800000, 0x000000066f800000| Untracked 
| 404|0x000000066fc00000, 0x000000066fc00000, 0x0000000670000000|  0%| F|  |TAMS 0x000000066fc00000, 0x000000066fc00000| Untracked 
| 405|0x0000000670000000, 0x0000000670000000, 0x0000000670400000|  0%| F|  |TAMS 0x0000000670000000, 0x0000000670000000| Untracked 
| 406|0x0000000670400000, 0x0000000670400000, 0x0000000670800000|  0%| F|  |TAMS 0x0000000670400000, 0x0000000670400000| Untracked 
| 407|0x0000000670800000, 0x0000000670800000, 0x0000000670c00000|  0%| F|  |TAMS 0x0000000670800000, 0x0000000670800000| Untracked 
| 408|0x0000000670c00000, 0x0000000670c00000, 0x0000000671000000|  0%| F|  |TAMS 0x0000000670c00000, 0x0000000670c00000| Untracked 
| 409|0x0000000671000000, 0x0000000671000000, 0x0000000671400000|  0%| F|  |TAMS 0x0000000671000000, 0x0000000671000000| Untracked 
| 410|0x0000000671400000, 0x0000000671400000, 0x0000000671800000|  0%| F|  |TAMS 0x0000000671400000, 0x0000000671400000| Untracked 
| 411|0x0000000671800000, 0x0000000671800000, 0x0000000671c00000|  0%| F|  |TAMS 0x0000000671800000, 0x0000000671800000| Untracked 
| 412|0x0000000671c00000, 0x0000000671c00000, 0x0000000672000000|  0%| F|  |TAMS 0x0000000671c00000, 0x0000000671c00000| Untracked 
| 413|0x0000000672000000, 0x0000000672000000, 0x0000000672400000|  0%| F|  |TAMS 0x0000000672000000, 0x0000000672000000| Untracked 
| 414|0x0000000672400000, 0x0000000672400000, 0x0000000672800000|  0%| F|  |TAMS 0x0000000672400000, 0x0000000672400000| Untracked 
| 415|0x0000000672800000, 0x0000000672800000, 0x0000000672c00000|  0%| F|  |TAMS 0x0000000672800000, 0x0000000672800000| Untracked 
| 416|0x0000000672c00000, 0x0000000672c00000, 0x0000000673000000|  0%| F|  |TAMS 0x0000000672c00000, 0x0000000672c00000| Untracked 
| 417|0x0000000673000000, 0x0000000673000000, 0x0000000673400000|  0%| F|  |TAMS 0x0000000673000000, 0x0000000673000000| Untracked 
| 418|0x0000000673400000, 0x0000000673400000, 0x0000000673800000|  0%| F|  |TAMS 0x0000000673400000, 0x0000000673400000| Untracked 
| 419|0x0000000673800000, 0x0000000673800000, 0x0000000673c00000|  0%| F|  |TAMS 0x0000000673800000, 0x0000000673800000| Untracked 
| 420|0x0000000673c00000, 0x0000000673c00000, 0x0000000674000000|  0%| F|  |TAMS 0x0000000673c00000, 0x0000000673c00000| Untracked 
| 421|0x0000000674000000, 0x0000000674000000, 0x0000000674400000|  0%| F|  |TAMS 0x0000000674000000, 0x0000000674000000| Untracked 
| 422|0x0000000674400000, 0x0000000674400000, 0x0000000674800000|  0%| F|  |TAMS 0x0000000674400000, 0x0000000674400000| Untracked 
| 423|0x0000000674800000, 0x0000000674800000, 0x0000000674c00000|  0%| F|  |TAMS 0x0000000674800000, 0x0000000674800000| Untracked 
| 424|0x0000000674c00000, 0x0000000674c00000, 0x0000000675000000|  0%| F|  |TAMS 0x0000000674c00000, 0x0000000674c00000| Untracked 
| 425|0x0000000675000000, 0x0000000675000000, 0x0000000675400000|  0%| F|  |TAMS 0x0000000675000000, 0x0000000675000000| Untracked 
| 426|0x0000000675400000, 0x0000000675400000, 0x0000000675800000|  0%| F|  |TAMS 0x0000000675400000, 0x0000000675400000| Untracked 
| 427|0x0000000675800000, 0x0000000675800000, 0x0000000675c00000|  0%| F|  |TAMS 0x0000000675800000, 0x0000000675800000| Untracked 
| 428|0x0000000675c00000, 0x0000000675c00000, 0x0000000676000000|  0%| F|  |TAMS 0x0000000675c00000, 0x0000000675c00000| Untracked 
| 429|0x0000000676000000, 0x0000000676000000, 0x0000000676400000|  0%| F|  |TAMS 0x0000000676000000, 0x0000000676000000| Untracked 
| 430|0x0000000676400000, 0x0000000676400000, 0x0000000676800000|  0%| F|  |TAMS 0x0000000676400000, 0x0000000676400000| Untracked 
| 431|0x0000000676800000, 0x0000000676800000, 0x0000000676c00000|  0%| F|  |TAMS 0x0000000676800000, 0x0000000676800000| Untracked 
| 432|0x0000000676c00000, 0x0000000676c00000, 0x0000000677000000|  0%| F|  |TAMS 0x0000000676c00000, 0x0000000676c00000| Untracked 
| 433|0x0000000677000000, 0x0000000677000000, 0x0000000677400000|  0%| F|  |TAMS 0x0000000677000000, 0x0000000677000000| Untracked 
| 434|0x0000000677400000, 0x0000000677400000, 0x0000000677800000|  0%| F|  |TAMS 0x0000000677400000, 0x0000000677400000| Untracked 
| 435|0x0000000677800000, 0x0000000677800000, 0x0000000677c00000|  0%| F|  |TAMS 0x0000000677800000, 0x0000000677800000| Untracked 
| 436|0x0000000677c00000, 0x0000000677c00000, 0x0000000678000000|  0%| F|  |TAMS 0x0000000677c00000, 0x0000000677c00000| Untracked 
| 437|0x0000000678000000, 0x0000000678000000, 0x0000000678400000|  0%| F|  |TAMS 0x0000000678000000, 0x0000000678000000| Untracked 
| 438|0x0000000678400000, 0x0000000678400000, 0x0000000678800000|  0%| F|  |TAMS 0x0000000678400000, 0x0000000678400000| Untracked 
| 439|0x0000000678800000, 0x0000000678800000, 0x0000000678c00000|  0%| F|  |TAMS 0x0000000678800000, 0x0000000678800000| Untracked 
| 440|0x0000000678c00000, 0x0000000678c00000, 0x0000000679000000|  0%| F|  |TAMS 0x0000000678c00000, 0x0000000678c00000| Untracked 
| 441|0x0000000679000000, 0x0000000679000000, 0x0000000679400000|  0%| F|  |TAMS 0x0000000679000000, 0x0000000679000000| Untracked 
| 442|0x0000000679400000, 0x0000000679400000, 0x0000000679800000|  0%| F|  |TAMS 0x0000000679400000, 0x0000000679400000| Untracked 
| 443|0x0000000679800000, 0x0000000679800000, 0x0000000679c00000|  0%| F|  |TAMS 0x0000000679800000, 0x0000000679800000| Untracked 
| 444|0x0000000679c00000, 0x0000000679c00000, 0x000000067a000000|  0%| F|  |TAMS 0x0000000679c00000, 0x0000000679c00000| Untracked 
| 445|0x000000067a000000, 0x000000067a000000, 0x000000067a400000|  0%| F|  |TAMS 0x000000067a000000, 0x000000067a000000| Untracked 
| 446|0x000000067a400000, 0x000000067a400000, 0x000000067a800000|  0%| F|  |TAMS 0x000000067a400000, 0x000000067a400000| Untracked 
| 447|0x000000067a800000, 0x000000067a800000, 0x000000067ac00000|  0%| F|  |TAMS 0x000000067a800000, 0x000000067a800000| Untracked 
| 448|0x000000067ac00000, 0x000000067ac00000, 0x000000067b000000|  0%| F|  |TAMS 0x000000067ac00000, 0x000000067ac00000| Untracked 
| 449|0x000000067b000000, 0x000000067b000000, 0x000000067b400000|  0%| F|  |TAMS 0x000000067b000000, 0x000000067b000000| Untracked 
| 450|0x000000067b400000, 0x000000067b400000, 0x000000067b800000|  0%| F|  |TAMS 0x000000067b400000, 0x000000067b400000| Untracked 
| 451|0x000000067b800000, 0x000000067b800000, 0x000000067bc00000|  0%| F|  |TAMS 0x000000067b800000, 0x000000067b800000| Untracked 
| 452|0x000000067bc00000, 0x000000067bc00000, 0x000000067c000000|  0%| F|  |TAMS 0x000000067bc00000, 0x000000067bc00000| Untracked 
| 453|0x000000067c000000, 0x000000067c000000, 0x000000067c400000|  0%| F|  |TAMS 0x000000067c000000, 0x000000067c000000| Untracked 
| 454|0x000000067c400000, 0x000000067c400000, 0x000000067c800000|  0%| F|  |TAMS 0x000000067c400000, 0x000000067c400000| Untracked 
| 455|0x000000067c800000, 0x000000067c800000, 0x000000067cc00000|  0%| F|  |TAMS 0x000000067c800000, 0x000000067c800000| Untracked 
| 456|0x000000067cc00000, 0x000000067cc00000, 0x000000067d000000|  0%| F|  |TAMS 0x000000067cc00000, 0x000000067cc00000| Untracked 
| 457|0x000000067d000000, 0x000000067d000000, 0x000000067d400000|  0%| F|  |TAMS 0x000000067d000000, 0x000000067d000000| Untracked 
| 458|0x000000067d400000, 0x000000067d400000, 0x000000067d800000|  0%| F|  |TAMS 0x000000067d400000, 0x000000067d400000| Untracked 
| 459|0x000000067d800000, 0x000000067d800000, 0x000000067dc00000|  0%| F|  |TAMS 0x000000067d800000, 0x000000067d800000| Untracked 
| 460|0x000000067dc00000, 0x000000067dc00000, 0x000000067e000000|  0%| F|  |TAMS 0x000000067dc00000, 0x000000067dc00000| Untracked 
| 461|0x000000067e000000, 0x000000067e000000, 0x000000067e400000|  0%| F|  |TAMS 0x000000067e000000, 0x000000067e000000| Untracked 
| 462|0x000000067e400000, 0x000000067e400000, 0x000000067e800000|  0%| F|  |TAMS 0x000000067e400000, 0x000000067e400000| Untracked 
| 463|0x000000067e800000, 0x000000067e800000, 0x000000067ec00000|  0%| F|  |TAMS 0x000000067e800000, 0x000000067e800000| Untracked 
| 464|0x000000067ec00000, 0x000000067ec00000, 0x000000067f000000|  0%| F|  |TAMS 0x000000067ec00000, 0x000000067ec00000| Untracked 
| 465|0x000000067f000000, 0x000000067f000000, 0x000000067f400000|  0%| F|  |TAMS 0x000000067f000000, 0x000000067f000000| Untracked 
| 466|0x000000067f400000, 0x000000067f800000, 0x000000067f800000|100%|HS|  |TAMS 0x000000067f400000, 0x000000067f400000| Complete 
| 467|0x000000067f800000, 0x000000067fc00000, 0x000000067fc00000|100%|HC|  |TAMS 0x000000067f800000, 0x000000067f800000| Complete 
| 468|0x000000067fc00000, 0x0000000680000000, 0x0000000680000000|100%|HC|  |TAMS 0x000000067fc00000, 0x000000067fc00000| Complete 
| 469|0x0000000680000000, 0x0000000680400000, 0x0000000680400000|100%|HC|  |TAMS 0x0000000680000000, 0x0000000680000000| Complete 
| 470|0x0000000680400000, 0x0000000680800000, 0x0000000680800000|100%|HC|  |TAMS 0x0000000680400000, 0x0000000680400000| Complete 
| 471|0x0000000680800000, 0x0000000680c00000, 0x0000000680c00000|100%|HC|  |TAMS 0x0000000680800000, 0x0000000680800000| Complete 
| 472|0x0000000680c00000, 0x0000000681000000, 0x0000000681000000|100%|HC|  |TAMS 0x0000000680c00000, 0x0000000680c00000| Complete 
| 473|0x0000000681000000, 0x0000000681400000, 0x0000000681400000|100%|HC|  |TAMS 0x0000000681000000, 0x0000000681000000| Complete 
| 474|0x0000000681400000, 0x0000000681800000, 0x0000000681800000|100%|HC|  |TAMS 0x0000000681400000, 0x0000000681400000| Complete 
| 475|0x0000000681800000, 0x0000000681c00000, 0x0000000681c00000|100%|HC|  |TAMS 0x0000000681800000, 0x0000000681800000| Complete 
| 476|0x0000000681c00000, 0x0000000682000000, 0x0000000682000000|100%|HC|  |TAMS 0x0000000681c00000, 0x0000000681c00000| Complete 
| 477|0x0000000682000000, 0x0000000682400000, 0x0000000682400000|100%|HC|  |TAMS 0x0000000682000000, 0x0000000682000000| Complete 
| 478|0x0000000682400000, 0x0000000682800000, 0x0000000682800000|100%|HC|  |TAMS 0x0000000682400000, 0x0000000682400000| Complete 
| 479|0x0000000682800000, 0x0000000682c00000, 0x0000000682c00000|100%|HC|  |TAMS 0x0000000682800000, 0x0000000682800000| Complete 
| 480|0x0000000682c00000, 0x0000000683000000, 0x0000000683000000|100%|HC|  |TAMS 0x0000000682c00000, 0x0000000682c00000| Complete 
| 481|0x0000000683000000, 0x0000000683400000, 0x0000000683400000|100%|HC|  |TAMS 0x0000000683000000, 0x0000000683000000| Complete 
| 482|0x0000000683400000, 0x0000000683400000, 0x0000000683800000|  0%| F|  |TAMS 0x0000000683400000, 0x0000000683400000| Untracked 
| 483|0x0000000683800000, 0x0000000683800000, 0x0000000683c00000|  0%| F|  |TAMS 0x0000000683800000, 0x0000000683800000| Untracked 
| 484|0x0000000683c00000, 0x0000000683c00000, 0x0000000684000000|  0%| F|  |TAMS 0x0000000683c00000, 0x0000000683c00000| Untracked 
| 485|0x0000000684000000, 0x0000000684000000, 0x0000000684400000|  0%| F|  |TAMS 0x0000000684000000, 0x0000000684000000| Untracked 
| 486|0x0000000684400000, 0x0000000684400000, 0x0000000684800000|  0%| F|  |TAMS 0x0000000684400000, 0x0000000684400000| Untracked 
| 487|0x0000000684800000, 0x0000000684800000, 0x0000000684c00000|  0%| F|  |TAMS 0x0000000684800000, 0x0000000684800000| Untracked 
| 488|0x0000000684c00000, 0x0000000684c00000, 0x0000000685000000|  0%| F|  |TAMS 0x0000000684c00000, 0x0000000684c00000| Untracked 
| 489|0x0000000685000000, 0x0000000685000000, 0x0000000685400000|  0%| F|  |TAMS 0x0000000685000000, 0x0000000685000000| Untracked 
| 490|0x0000000685400000, 0x0000000685400000, 0x0000000685800000|  0%| F|  |TAMS 0x0000000685400000, 0x0000000685400000| Untracked 
| 491|0x0000000685800000, 0x0000000685800000, 0x0000000685c00000|  0%| F|  |TAMS 0x0000000685800000, 0x0000000685800000| Untracked 
| 492|0x0000000685c00000, 0x0000000685c00000, 0x0000000686000000|  0%| F|  |TAMS 0x0000000685c00000, 0x0000000685c00000| Untracked 
| 493|0x0000000686000000, 0x0000000686000000, 0x0000000686400000|  0%| F|  |TAMS 0x0000000686000000, 0x0000000686000000| Untracked 
| 494|0x0000000686400000, 0x0000000686400000, 0x0000000686800000|  0%| F|  |TAMS 0x0000000686400000, 0x0000000686400000| Untracked 
| 495|0x0000000686800000, 0x0000000686800000, 0x0000000686c00000|  0%| F|  |TAMS 0x0000000686800000, 0x0000000686800000| Untracked 
| 496|0x0000000686c00000, 0x0000000686c00000, 0x0000000687000000|  0%| F|  |TAMS 0x0000000686c00000, 0x0000000686c00000| Untracked 
| 497|0x0000000687000000, 0x0000000687000000, 0x0000000687400000|  0%| F|  |TAMS 0x0000000687000000, 0x0000000687000000| Untracked 
| 498|0x0000000687400000, 0x0000000687400000, 0x0000000687800000|  0%| F|  |TAMS 0x0000000687400000, 0x0000000687400000| Untracked 
| 499|0x0000000687800000, 0x0000000687800000, 0x0000000687c00000|  0%| F|  |TAMS 0x0000000687800000, 0x0000000687800000| Untracked 
| 500|0x0000000687c00000, 0x0000000687c00000, 0x0000000688000000|  0%| F|  |TAMS 0x0000000687c00000, 0x0000000687c00000| Untracked 
| 501|0x0000000688000000, 0x0000000688000000, 0x0000000688400000|  0%| F|  |TAMS 0x0000000688000000, 0x0000000688000000| Untracked 
| 502|0x0000000688400000, 0x0000000688400000, 0x0000000688800000|  0%| F|  |TAMS 0x0000000688400000, 0x0000000688400000| Untracked 
| 503|0x0000000688800000, 0x0000000688800000, 0x0000000688c00000|  0%| F|  |TAMS 0x0000000688800000, 0x0000000688800000| Untracked 
| 504|0x0000000688c00000, 0x0000000688c00000, 0x0000000689000000|  0%| F|  |TAMS 0x0000000688c00000, 0x0000000688c00000| Untracked 
| 505|0x0000000689000000, 0x0000000689000000, 0x0000000689400000|  0%| F|  |TAMS 0x0000000689000000, 0x0000000689000000| Untracked 
| 506|0x0000000689400000, 0x0000000689800000, 0x0000000689800000|100%|HS|  |TAMS 0x0000000689400000, 0x0000000689400000| Complete 
| 507|0x0000000689800000, 0x0000000689c00000, 0x0000000689c00000|100%|HC|  |TAMS 0x0000000689800000, 0x0000000689800000| Complete 
| 508|0x0000000689c00000, 0x000000068a000000, 0x000000068a000000|100%|HC|  |TAMS 0x0000000689c00000, 0x0000000689c00000| Complete 
| 509|0x000000068a000000, 0x000000068a400000, 0x000000068a400000|100%|HC|  |TAMS 0x000000068a000000, 0x000000068a000000| Complete 
| 510|0x000000068a400000, 0x000000068a800000, 0x000000068a800000|100%|HC|  |TAMS 0x000000068a400000, 0x000000068a400000| Complete 
| 511|0x000000068a800000, 0x000000068ac00000, 0x000000068ac00000|100%|HC|  |TAMS 0x000000068a800000, 0x000000068a800000| Complete 
| 512|0x000000068ac00000, 0x000000068b000000, 0x000000068b000000|100%|HC|  |TAMS 0x000000068ac00000, 0x000000068ac00000| Complete 
| 513|0x000000068b000000, 0x000000068b400000, 0x000000068b400000|100%|HC|  |TAMS 0x000000068b000000, 0x000000068b000000| Complete 
| 514|0x000000068b400000, 0x000000068b400000, 0x000000068b800000|  0%| F|  |TAMS 0x000000068b400000, 0x000000068b400000| Untracked 
| 515|0x000000068b800000, 0x000000068b800000, 0x000000068bc00000|  0%| F|  |TAMS 0x000000068b800000, 0x000000068b800000| Untracked 
| 516|0x000000068bc00000, 0x000000068bc00000, 0x000000068c000000|  0%| F|  |TAMS 0x000000068bc00000, 0x000000068bc00000| Untracked 
| 517|0x000000068c000000, 0x000000068c000000, 0x000000068c400000|  0%| F|  |TAMS 0x000000068c000000, 0x000000068c000000| Untracked 
| 518|0x000000068c400000, 0x000000068c400000, 0x000000068c800000|  0%| F|  |TAMS 0x000000068c400000, 0x000000068c400000| Untracked 
| 519|0x000000068c800000, 0x000000068c800000, 0x000000068cc00000|  0%| F|  |TAMS 0x000000068c800000, 0x000000068c800000| Untracked 
| 520|0x000000068cc00000, 0x000000068cc00000, 0x000000068d000000|  0%| F|  |TAMS 0x000000068cc00000, 0x000000068cc00000| Untracked 
| 521|0x000000068d000000, 0x000000068d000000, 0x000000068d400000|  0%| F|  |TAMS 0x000000068d000000, 0x000000068d000000| Untracked 
| 522|0x000000068d400000, 0x000000068d400000, 0x000000068d800000|  0%| F|  |TAMS 0x000000068d400000, 0x000000068d400000| Untracked 
| 523|0x000000068d800000, 0x000000068d800000, 0x000000068dc00000|  0%| F|  |TAMS 0x000000068d800000, 0x000000068d800000| Untracked 
| 524|0x000000068dc00000, 0x000000068dc00000, 0x000000068e000000|  0%| F|  |TAMS 0x000000068dc00000, 0x000000068dc00000| Untracked 
| 525|0x000000068e000000, 0x000000068e000000, 0x000000068e400000|  0%| F|  |TAMS 0x000000068e000000, 0x000000068e000000| Untracked 
| 526|0x000000068e400000, 0x000000068e400000, 0x000000068e800000|  0%| F|  |TAMS 0x000000068e400000, 0x000000068e400000| Untracked 
| 527|0x000000068e800000, 0x000000068e800000, 0x000000068ec00000|  0%| F|  |TAMS 0x000000068e800000, 0x000000068e800000| Untracked 
| 528|0x000000068ec00000, 0x000000068ec00000, 0x000000068f000000|  0%| F|  |TAMS 0x000000068ec00000, 0x000000068ec00000| Untracked 
| 529|0x000000068f000000, 0x000000068f000000, 0x000000068f400000|  0%| F|  |TAMS 0x000000068f000000, 0x000000068f000000| Untracked 
| 530|0x000000068f400000, 0x000000068f400000, 0x000000068f800000|  0%| F|  |TAMS 0x000000068f400000, 0x000000068f400000| Untracked 
| 531|0x000000068f800000, 0x000000068f800000, 0x000000068fc00000|  0%| F|  |TAMS 0x000000068f800000, 0x000000068f800000| Untracked 
| 532|0x000000068fc00000, 0x000000068fc00000, 0x0000000690000000|  0%| F|  |TAMS 0x000000068fc00000, 0x000000068fc00000| Untracked 
| 533|0x0000000690000000, 0x0000000690000000, 0x0000000690400000|  0%| F|  |TAMS 0x0000000690000000, 0x0000000690000000| Untracked 
| 534|0x0000000690400000, 0x0000000690400000, 0x0000000690800000|  0%| F|  |TAMS 0x0000000690400000, 0x0000000690400000| Untracked 
| 535|0x0000000690800000, 0x0000000690800000, 0x0000000690c00000|  0%| F|  |TAMS 0x0000000690800000, 0x0000000690800000| Untracked 
| 536|0x0000000690c00000, 0x0000000690c00000, 0x0000000691000000|  0%| F|  |TAMS 0x0000000690c00000, 0x0000000690c00000| Untracked 
| 537|0x0000000691000000, 0x0000000691000000, 0x0000000691400000|  0%| F|  |TAMS 0x0000000691000000, 0x0000000691000000| Untracked 
| 538|0x0000000691400000, 0x0000000691400000, 0x0000000691800000|  0%| F|  |TAMS 0x0000000691400000, 0x0000000691400000| Untracked 
| 539|0x0000000691800000, 0x0000000691800000, 0x0000000691c00000|  0%| F|  |TAMS 0x0000000691800000, 0x0000000691800000| Untracked 
| 540|0x0000000691c00000, 0x0000000691c00000, 0x0000000692000000|  0%| F|  |TAMS 0x0000000691c00000, 0x0000000691c00000| Untracked 
| 541|0x0000000692000000, 0x0000000692000000, 0x0000000692400000|  0%| F|  |TAMS 0x0000000692000000, 0x0000000692000000| Untracked 
| 542|0x0000000692400000, 0x0000000692400000, 0x0000000692800000|  0%| F|  |TAMS 0x0000000692400000, 0x0000000692400000| Untracked 
| 543|0x0000000692800000, 0x0000000692800000, 0x0000000692c00000|  0%| F|  |TAMS 0x0000000692800000, 0x0000000692800000| Untracked 
| 544|0x0000000692c00000, 0x0000000692c00000, 0x0000000693000000|  0%| F|  |TAMS 0x0000000692c00000, 0x0000000692c00000| Untracked 
| 545|0x0000000693000000, 0x0000000693000000, 0x0000000693400000|  0%| F|  |TAMS 0x0000000693000000, 0x0000000693000000| Untracked 
| 546|0x0000000693400000, 0x0000000693800000, 0x0000000693800000|100%|HS|  |TAMS 0x0000000693400000, 0x0000000693400000| Complete 
| 547|0x0000000693800000, 0x0000000693c00000, 0x0000000693c00000|100%|HC|  |TAMS 0x0000000693800000, 0x0000000693800000| Complete 
| 548|0x0000000693c00000, 0x0000000694000000, 0x0000000694000000|100%|HC|  |TAMS 0x0000000693c00000, 0x0000000693c00000| Complete 
| 549|0x0000000694000000, 0x0000000694400000, 0x0000000694400000|100%|HC|  |TAMS 0x0000000694000000, 0x0000000694000000| Complete 
| 550|0x0000000694400000, 0x0000000694800000, 0x0000000694800000|100%|HC|  |TAMS 0x0000000694400000, 0x0000000694400000| Complete 
| 551|0x0000000694800000, 0x0000000694c00000, 0x0000000694c00000|100%|HC|  |TAMS 0x0000000694800000, 0x0000000694800000| Complete 
| 552|0x0000000694c00000, 0x0000000695000000, 0x0000000695000000|100%|HC|  |TAMS 0x0000000694c00000, 0x0000000694c00000| Complete 
| 553|0x0000000695000000, 0x0000000695400000, 0x0000000695400000|100%|HC|  |TAMS 0x0000000695000000, 0x0000000695000000| Complete 
| 554|0x0000000695400000, 0x0000000695800000, 0x0000000695800000|100%|HC|  |TAMS 0x0000000695400000, 0x0000000695400000| Complete 
| 555|0x0000000695800000, 0x0000000695c00000, 0x0000000695c00000|100%|HC|  |TAMS 0x0000000695800000, 0x0000000695800000| Complete 
| 556|0x0000000695c00000, 0x0000000696000000, 0x0000000696000000|100%|HC|  |TAMS 0x0000000695c00000, 0x0000000695c00000| Complete 
| 557|0x0000000696000000, 0x0000000696400000, 0x0000000696400000|100%|HC|  |TAMS 0x0000000696000000, 0x0000000696000000| Complete 
| 558|0x0000000696400000, 0x0000000696800000, 0x0000000696800000|100%|HC|  |TAMS 0x0000000696400000, 0x0000000696400000| Complete 
| 559|0x0000000696800000, 0x0000000696c00000, 0x0000000696c00000|100%|HC|  |TAMS 0x0000000696800000, 0x0000000696800000| Complete 
| 560|0x0000000696c00000, 0x0000000697000000, 0x0000000697000000|100%|HC|  |TAMS 0x0000000696c00000, 0x0000000696c00000| Complete 
| 561|0x0000000697000000, 0x0000000697400000, 0x0000000697400000|100%|HC|  |TAMS 0x0000000697000000, 0x0000000697000000| Complete 
| 562|0x0000000697400000, 0x0000000697400000, 0x0000000697800000|  0%| F|  |TAMS 0x0000000697400000, 0x0000000697400000| Untracked 
| 563|0x0000000697800000, 0x0000000697800000, 0x0000000697c00000|  0%| F|  |TAMS 0x0000000697800000, 0x0000000697800000| Untracked 
| 564|0x0000000697c00000, 0x0000000697c00000, 0x0000000698000000|  0%| F|  |TAMS 0x0000000697c00000, 0x0000000697c00000| Untracked 
| 565|0x0000000698000000, 0x0000000698000000, 0x0000000698400000|  0%| F|  |TAMS 0x0000000698000000, 0x0000000698000000| Untracked 
| 566|0x0000000698400000, 0x0000000698400000, 0x0000000698800000|  0%| F|  |TAMS 0x0000000698400000, 0x0000000698400000| Untracked 
| 567|0x0000000698800000, 0x0000000698800000, 0x0000000698c00000|  0%| F|  |TAMS 0x0000000698800000, 0x0000000698800000| Untracked 
| 568|0x0000000698c00000, 0x0000000698c00000, 0x0000000699000000|  0%| F|  |TAMS 0x0000000698c00000, 0x0000000698c00000| Untracked 
| 569|0x0000000699000000, 0x0000000699000000, 0x0000000699400000|  0%| F|  |TAMS 0x0000000699000000, 0x0000000699000000| Untracked 
| 570|0x0000000699400000, 0x0000000699400000, 0x0000000699800000|  0%| F|  |TAMS 0x0000000699400000, 0x0000000699400000| Untracked 
| 571|0x0000000699800000, 0x0000000699800000, 0x0000000699c00000|  0%| F|  |TAMS 0x0000000699800000, 0x0000000699800000| Untracked 
| 572|0x0000000699c00000, 0x0000000699c00000, 0x000000069a000000|  0%| F|  |TAMS 0x0000000699c00000, 0x0000000699c00000| Untracked 
| 573|0x000000069a000000, 0x000000069a000000, 0x000000069a400000|  0%| F|  |TAMS 0x000000069a000000, 0x000000069a000000| Untracked 
| 574|0x000000069a400000, 0x000000069a400000, 0x000000069a800000|  0%| F|  |TAMS 0x000000069a400000, 0x000000069a400000| Untracked 
| 575|0x000000069a800000, 0x000000069a800000, 0x000000069ac00000|  0%| F|  |TAMS 0x000000069a800000, 0x000000069a800000| Untracked 
| 576|0x000000069ac00000, 0x000000069ac00000, 0x000000069b000000|  0%| F|  |TAMS 0x000000069ac00000, 0x000000069ac00000| Untracked 
| 577|0x000000069b000000, 0x000000069b000000, 0x000000069b400000|  0%| F|  |TAMS 0x000000069b000000, 0x000000069b000000| Untracked 
| 578|0x000000069b400000, 0x000000069b400000, 0x000000069b800000|  0%| F|  |TAMS 0x000000069b400000, 0x000000069b400000| Untracked 
| 579|0x000000069b800000, 0x000000069b800000, 0x000000069bc00000|  0%| F|  |TAMS 0x000000069b800000, 0x000000069b800000| Untracked 
| 580|0x000000069bc00000, 0x000000069bc00000, 0x000000069c000000|  0%| F|  |TAMS 0x000000069bc00000, 0x000000069bc00000| Untracked 
| 581|0x000000069c000000, 0x000000069c000000, 0x000000069c400000|  0%| F|  |TAMS 0x000000069c000000, 0x000000069c000000| Untracked 
| 582|0x000000069c400000, 0x000000069c400000, 0x000000069c800000|  0%| F|  |TAMS 0x000000069c400000, 0x000000069c400000| Untracked 
| 583|0x000000069c800000, 0x000000069c800000, 0x000000069cc00000|  0%| F|  |TAMS 0x000000069c800000, 0x000000069c800000| Untracked 
| 584|0x000000069cc00000, 0x000000069cc00000, 0x000000069d000000|  0%| F|  |TAMS 0x000000069cc00000, 0x000000069cc00000| Untracked 
| 585|0x000000069d000000, 0x000000069d000000, 0x000000069d400000|  0%| F|  |TAMS 0x000000069d000000, 0x000000069d000000| Untracked 
| 586|0x000000069d400000, 0x000000069d400000, 0x000000069d800000|  0%| F|  |TAMS 0x000000069d400000, 0x000000069d400000| Untracked 
| 587|0x000000069d800000, 0x000000069d800000, 0x000000069dc00000|  0%| F|  |TAMS 0x000000069d800000, 0x000000069d800000| Untracked 
| 588|0x000000069dc00000, 0x000000069dc00000, 0x000000069e000000|  0%| F|  |TAMS 0x000000069dc00000, 0x000000069dc00000| Untracked 
| 589|0x000000069e000000, 0x000000069e000000, 0x000000069e400000|  0%| F|  |TAMS 0x000000069e000000, 0x000000069e000000| Untracked 
| 590|0x000000069e400000, 0x000000069e400000, 0x000000069e800000|  0%| F|  |TAMS 0x000000069e400000, 0x000000069e400000| Untracked 
| 591|0x000000069e800000, 0x000000069e800000, 0x000000069ec00000|  0%| F|  |TAMS 0x000000069e800000, 0x000000069e800000| Untracked 
| 592|0x000000069ec00000, 0x000000069ec00000, 0x000000069f000000|  0%| F|  |TAMS 0x000000069ec00000, 0x000000069ec00000| Untracked 
| 593|0x000000069f000000, 0x000000069f000000, 0x000000069f400000|  0%| F|  |TAMS 0x000000069f000000, 0x000000069f000000| Untracked 
| 594|0x000000069f400000, 0x000000069f400000, 0x000000069f800000|  0%| F|  |TAMS 0x000000069f400000, 0x000000069f400000| Untracked 
| 595|0x000000069f800000, 0x000000069f800000, 0x000000069fc00000|  0%| F|  |TAMS 0x000000069f800000, 0x000000069f800000| Untracked 
| 596|0x000000069fc00000, 0x000000069fc00000, 0x00000006a0000000|  0%| F|  |TAMS 0x000000069fc00000, 0x000000069fc00000| Untracked 
| 597|0x00000006a0000000, 0x00000006a0000000, 0x00000006a0400000|  0%| F|  |TAMS 0x00000006a0000000, 0x00000006a0000000| Untracked 
| 598|0x00000006a0400000, 0x00000006a0400000, 0x00000006a0800000|  0%| F|  |TAMS 0x00000006a0400000, 0x00000006a0400000| Untracked 
| 599|0x00000006a0800000, 0x00000006a0800000, 0x00000006a0c00000|  0%| F|  |TAMS 0x00000006a0800000, 0x00000006a0800000| Untracked 
| 600|0x00000006a0c00000, 0x00000006a0c00000, 0x00000006a1000000|  0%| F|  |TAMS 0x00000006a0c00000, 0x00000006a0c00000| Untracked 
| 601|0x00000006a1000000, 0x00000006a1000000, 0x00000006a1400000|  0%| F|  |TAMS 0x00000006a1000000, 0x00000006a1000000| Untracked 
| 602|0x00000006a1400000, 0x00000006a1400000, 0x00000006a1800000|  0%| F|  |TAMS 0x00000006a1400000, 0x00000006a1400000| Untracked 
| 603|0x00000006a1800000, 0x00000006a1800000, 0x00000006a1c00000|  0%| F|  |TAMS 0x00000006a1800000, 0x00000006a1800000| Untracked 
| 604|0x00000006a1c00000, 0x00000006a1c00000, 0x00000006a2000000|  0%| F|  |TAMS 0x00000006a1c00000, 0x00000006a1c00000| Untracked 
| 605|0x00000006a2000000, 0x00000006a2000000, 0x00000006a2400000|  0%| F|  |TAMS 0x00000006a2000000, 0x00000006a2000000| Untracked 
| 606|0x00000006a2400000, 0x00000006a2400000, 0x00000006a2800000|  0%| F|  |TAMS 0x00000006a2400000, 0x00000006a2400000| Untracked 
| 607|0x00000006a2800000, 0x00000006a2800000, 0x00000006a2c00000|  0%| F|  |TAMS 0x00000006a2800000, 0x00000006a2800000| Untracked 
| 608|0x00000006a2c00000, 0x00000006a2c00000, 0x00000006a3000000|  0%| F|  |TAMS 0x00000006a2c00000, 0x00000006a2c00000| Untracked 
| 609|0x00000006a3000000, 0x00000006a3000000, 0x00000006a3400000|  0%| F|  |TAMS 0x00000006a3000000, 0x00000006a3000000| Untracked 
| 610|0x00000006a3400000, 0x00000006a3400000, 0x00000006a3800000|  0%| F|  |TAMS 0x00000006a3400000, 0x00000006a3400000| Untracked 
| 611|0x00000006a3800000, 0x00000006a3800000, 0x00000006a3c00000|  0%| F|  |TAMS 0x00000006a3800000, 0x00000006a3800000| Untracked 
| 612|0x00000006a3c00000, 0x00000006a3c00000, 0x00000006a4000000|  0%| F|  |TAMS 0x00000006a3c00000, 0x00000006a3c00000| Untracked 
| 613|0x00000006a4000000, 0x00000006a4000000, 0x00000006a4400000|  0%| F|  |TAMS 0x00000006a4000000, 0x00000006a4000000| Untracked 
| 614|0x00000006a4400000, 0x00000006a4400000, 0x00000006a4800000|  0%| F|  |TAMS 0x00000006a4400000, 0x00000006a4400000| Untracked 
| 615|0x00000006a4800000, 0x00000006a4800000, 0x00000006a4c00000|  0%| F|  |TAMS 0x00000006a4800000, 0x00000006a4800000| Untracked 
| 616|0x00000006a4c00000, 0x00000006a4c00000, 0x00000006a5000000|  0%| F|  |TAMS 0x00000006a4c00000, 0x00000006a4c00000| Untracked 
| 617|0x00000006a5000000, 0x00000006a5000000, 0x00000006a5400000|  0%| F|  |TAMS 0x00000006a5000000, 0x00000006a5000000| Untracked 
| 618|0x00000006a5400000, 0x00000006a5400000, 0x00000006a5800000|  0%| F|  |TAMS 0x00000006a5400000, 0x00000006a5400000| Untracked 
| 619|0x00000006a5800000, 0x00000006a5800000, 0x00000006a5c00000|  0%| F|  |TAMS 0x00000006a5800000, 0x00000006a5800000| Untracked 
| 620|0x00000006a5c00000, 0x00000006a5c00000, 0x00000006a6000000|  0%| F|  |TAMS 0x00000006a5c00000, 0x00000006a5c00000| Untracked 
| 621|0x00000006a6000000, 0x00000006a6000000, 0x00000006a6400000|  0%| F|  |TAMS 0x00000006a6000000, 0x00000006a6000000| Untracked 
| 622|0x00000006a6400000, 0x00000006a6400000, 0x00000006a6800000|  0%| F|  |TAMS 0x00000006a6400000, 0x00000006a6400000| Untracked 
| 623|0x00000006a6800000, 0x00000006a6800000, 0x00000006a6c00000|  0%| F|  |TAMS 0x00000006a6800000, 0x00000006a6800000| Untracked 
| 624|0x00000006a6c00000, 0x00000006a6c00000, 0x00000006a7000000|  0%| F|  |TAMS 0x00000006a6c00000, 0x00000006a6c00000| Untracked 
| 625|0x00000006a7000000, 0x00000006a7000000, 0x00000006a7400000|  0%| F|  |TAMS 0x00000006a7000000, 0x00000006a7000000| Untracked 
| 626|0x00000006a7400000, 0x00000006a7400000, 0x00000006a7800000|  0%| F|  |TAMS 0x00000006a7400000, 0x00000006a7400000| Untracked 
| 627|0x00000006a7800000, 0x00000006a7800000, 0x00000006a7c00000|  0%| F|  |TAMS 0x00000006a7800000, 0x00000006a7800000| Untracked 
| 628|0x00000006a7c00000, 0x00000006a7c00000, 0x00000006a8000000|  0%| F|  |TAMS 0x00000006a7c00000, 0x00000006a7c00000| Untracked 
| 629|0x00000006a8000000, 0x00000006a8000000, 0x00000006a8400000|  0%| F|  |TAMS 0x00000006a8000000, 0x00000006a8000000| Untracked 
| 630|0x00000006a8400000, 0x00000006a8400000, 0x00000006a8800000|  0%| F|  |TAMS 0x00000006a8400000, 0x00000006a8400000| Untracked 
| 631|0x00000006a8800000, 0x00000006a8800000, 0x00000006a8c00000|  0%| F|  |TAMS 0x00000006a8800000, 0x00000006a8800000| Untracked 
| 632|0x00000006a8c00000, 0x00000006a8c00000, 0x00000006a9000000|  0%| F|  |TAMS 0x00000006a8c00000, 0x00000006a8c00000| Untracked 
| 633|0x00000006a9000000, 0x00000006a9000000, 0x00000006a9400000|  0%| F|  |TAMS 0x00000006a9000000, 0x00000006a9000000| Untracked 
| 634|0x00000006a9400000, 0x00000006a9400000, 0x00000006a9800000|  0%| F|  |TAMS 0x00000006a9400000, 0x00000006a9400000| Untracked 
| 635|0x00000006a9800000, 0x00000006a9800000, 0x00000006a9c00000|  0%| F|  |TAMS 0x00000006a9800000, 0x00000006a9800000| Untracked 
| 636|0x00000006a9c00000, 0x00000006a9c00000, 0x00000006aa000000|  0%| F|  |TAMS 0x00000006a9c00000, 0x00000006a9c00000| Untracked 
| 637|0x00000006aa000000, 0x00000006aa000000, 0x00000006aa400000|  0%| F|  |TAMS 0x00000006aa000000, 0x00000006aa000000| Untracked 
| 638|0x00000006aa400000, 0x00000006aa400000, 0x00000006aa800000|  0%| F|  |TAMS 0x00000006aa400000, 0x00000006aa400000| Untracked 
| 639|0x00000006aa800000, 0x00000006aa800000, 0x00000006aac00000|  0%| F|  |TAMS 0x00000006aa800000, 0x00000006aa800000| Untracked 
| 640|0x00000006aac00000, 0x00000006aac00000, 0x00000006ab000000|  0%| F|  |TAMS 0x00000006aac00000, 0x00000006aac00000| Untracked 
| 641|0x00000006ab000000, 0x00000006ab000000, 0x00000006ab400000|  0%| F|  |TAMS 0x00000006ab000000, 0x00000006ab000000| Untracked 
| 642|0x00000006ab400000, 0x00000006ab400000, 0x00000006ab800000|  0%| F|  |TAMS 0x00000006ab400000, 0x00000006ab400000| Untracked 
| 643|0x00000006ab800000, 0x00000006ab800000, 0x00000006abc00000|  0%| F|  |TAMS 0x00000006ab800000, 0x00000006ab800000| Untracked 
| 644|0x00000006abc00000, 0x00000006abc00000, 0x00000006ac000000|  0%| F|  |TAMS 0x00000006abc00000, 0x00000006abc00000| Untracked 
| 645|0x00000006ac000000, 0x00000006ac000000, 0x00000006ac400000|  0%| F|  |TAMS 0x00000006ac000000, 0x00000006ac000000| Untracked 
| 646|0x00000006ac400000, 0x00000006ac400000, 0x00000006ac800000|  0%| F|  |TAMS 0x00000006ac400000, 0x00000006ac400000| Untracked 
| 647|0x00000006ac800000, 0x00000006ac800000, 0x00000006acc00000|  0%| F|  |TAMS 0x00000006ac800000, 0x00000006ac800000| Untracked 
| 648|0x00000006acc00000, 0x00000006acc00000, 0x00000006ad000000|  0%| F|  |TAMS 0x00000006acc00000, 0x00000006acc00000| Untracked 
| 649|0x00000006ad000000, 0x00000006ad000000, 0x00000006ad400000|  0%| F|  |TAMS 0x00000006ad000000, 0x00000006ad000000| Untracked 
| 650|0x00000006ad400000, 0x00000006ad400000, 0x00000006ad800000|  0%| F|  |TAMS 0x00000006ad400000, 0x00000006ad400000| Untracked 
| 651|0x00000006ad800000, 0x00000006ad800000, 0x00000006adc00000|  0%| F|  |TAMS 0x00000006ad800000, 0x00000006ad800000| Untracked 
| 652|0x00000006adc00000, 0x00000006adc00000, 0x00000006ae000000|  0%| F|  |TAMS 0x00000006adc00000, 0x00000006adc00000| Untracked 
| 653|0x00000006ae000000, 0x00000006ae000000, 0x00000006ae400000|  0%| F|  |TAMS 0x00000006ae000000, 0x00000006ae000000| Untracked 
| 654|0x00000006ae400000, 0x00000006ae400000, 0x00000006ae800000|  0%| F|  |TAMS 0x00000006ae400000, 0x00000006ae400000| Untracked 
| 655|0x00000006ae800000, 0x00000006ae800000, 0x00000006aec00000|  0%| F|  |TAMS 0x00000006ae800000, 0x00000006ae800000| Untracked 
| 656|0x00000006aec00000, 0x00000006aec00000, 0x00000006af000000|  0%| F|  |TAMS 0x00000006aec00000, 0x00000006aec00000| Untracked 
| 657|0x00000006af000000, 0x00000006af000000, 0x00000006af400000|  0%| F|  |TAMS 0x00000006af000000, 0x00000006af000000| Untracked 
| 658|0x00000006af400000, 0x00000006af400000, 0x00000006af800000|  0%| F|  |TAMS 0x00000006af400000, 0x00000006af400000| Untracked 
| 659|0x00000006af800000, 0x00000006af800000, 0x00000006afc00000|  0%| F|  |TAMS 0x00000006af800000, 0x00000006af800000| Untracked 
| 660|0x00000006afc00000, 0x00000006afc00000, 0x00000006b0000000|  0%| F|  |TAMS 0x00000006afc00000, 0x00000006afc00000| Untracked 
| 661|0x00000006b0000000, 0x00000006b0000000, 0x00000006b0400000|  0%| F|  |TAMS 0x00000006b0000000, 0x00000006b0000000| Untracked 
| 662|0x00000006b0400000, 0x00000006b0400000, 0x00000006b0800000|  0%| F|  |TAMS 0x00000006b0400000, 0x00000006b0400000| Untracked 
| 663|0x00000006b0800000, 0x00000006b0800000, 0x00000006b0c00000|  0%| F|  |TAMS 0x00000006b0800000, 0x00000006b0800000| Untracked 
| 664|0x00000006b0c00000, 0x00000006b0c00000, 0x00000006b1000000|  0%| F|  |TAMS 0x00000006b0c00000, 0x00000006b0c00000| Untracked 
| 665|0x00000006b1000000, 0x00000006b1000000, 0x00000006b1400000|  0%| F|  |TAMS 0x00000006b1000000, 0x00000006b1000000| Untracked 
| 666|0x00000006b1400000, 0x00000006b1400000, 0x00000006b1800000|  0%| F|  |TAMS 0x00000006b1400000, 0x00000006b1400000| Untracked 
| 667|0x00000006b1800000, 0x00000006b1800000, 0x00000006b1c00000|  0%| F|  |TAMS 0x00000006b1800000, 0x00000006b1800000| Untracked 
| 668|0x00000006b1c00000, 0x00000006b1c00000, 0x00000006b2000000|  0%| F|  |TAMS 0x00000006b1c00000, 0x00000006b1c00000| Untracked 
| 669|0x00000006b2000000, 0x00000006b2000000, 0x00000006b2400000|  0%| F|  |TAMS 0x00000006b2000000, 0x00000006b2000000| Untracked 
| 670|0x00000006b2400000, 0x00000006b2400000, 0x00000006b2800000|  0%| F|  |TAMS 0x00000006b2400000, 0x00000006b2400000| Untracked 
| 671|0x00000006b2800000, 0x00000006b2800000, 0x00000006b2c00000|  0%| F|  |TAMS 0x00000006b2800000, 0x00000006b2800000| Untracked 
| 672|0x00000006b2c00000, 0x00000006b2c00000, 0x00000006b3000000|  0%| F|  |TAMS 0x00000006b2c00000, 0x00000006b2c00000| Untracked 
| 673|0x00000006b3000000, 0x00000006b3000000, 0x00000006b3400000|  0%| F|  |TAMS 0x00000006b3000000, 0x00000006b3000000| Untracked 
| 674|0x00000006b3400000, 0x00000006b3400000, 0x00000006b3800000|  0%| F|  |TAMS 0x00000006b3400000, 0x00000006b3400000| Untracked 
| 675|0x00000006b3800000, 0x00000006b3800000, 0x00000006b3c00000|  0%| F|  |TAMS 0x00000006b3800000, 0x00000006b3800000| Untracked 
| 676|0x00000006b3c00000, 0x00000006b3c00000, 0x00000006b4000000|  0%| F|  |TAMS 0x00000006b3c00000, 0x00000006b3c00000| Untracked 
| 677|0x00000006b4000000, 0x00000006b4000000, 0x00000006b4400000|  0%| F|  |TAMS 0x00000006b4000000, 0x00000006b4000000| Untracked 
| 678|0x00000006b4400000, 0x00000006b4400000, 0x00000006b4800000|  0%| F|  |TAMS 0x00000006b4400000, 0x00000006b4400000| Untracked 
| 679|0x00000006b4800000, 0x00000006b4800000, 0x00000006b4c00000|  0%| F|  |TAMS 0x00000006b4800000, 0x00000006b4800000| Untracked 
| 680|0x00000006b4c00000, 0x00000006b4c00000, 0x00000006b5000000|  0%| F|  |TAMS 0x00000006b4c00000, 0x00000006b4c00000| Untracked 
| 681|0x00000006b5000000, 0x00000006b5000000, 0x00000006b5400000|  0%| F|  |TAMS 0x00000006b5000000, 0x00000006b5000000| Untracked 
| 682|0x00000006b5400000, 0x00000006b5400000, 0x00000006b5800000|  0%| F|  |TAMS 0x00000006b5400000, 0x00000006b5400000| Untracked 
| 683|0x00000006b5800000, 0x00000006b5800000, 0x00000006b5c00000|  0%| F|  |TAMS 0x00000006b5800000, 0x00000006b5800000| Untracked 
| 684|0x00000006b5c00000, 0x00000006b5c00000, 0x00000006b6000000|  0%| F|  |TAMS 0x00000006b5c00000, 0x00000006b5c00000| Untracked 
| 685|0x00000006b6000000, 0x00000006b6000000, 0x00000006b6400000|  0%| F|  |TAMS 0x00000006b6000000, 0x00000006b6000000| Untracked 
| 686|0x00000006b6400000, 0x00000006b6400000, 0x00000006b6800000|  0%| F|  |TAMS 0x00000006b6400000, 0x00000006b6400000| Untracked 
| 687|0x00000006b6800000, 0x00000006b6800000, 0x00000006b6c00000|  0%| F|  |TAMS 0x00000006b6800000, 0x00000006b6800000| Untracked 
| 688|0x00000006b6c00000, 0x00000006b6c00000, 0x00000006b7000000|  0%| F|  |TAMS 0x00000006b6c00000, 0x00000006b6c00000| Untracked 
| 689|0x00000006b7000000, 0x00000006b7000000, 0x00000006b7400000|  0%| F|  |TAMS 0x00000006b7000000, 0x00000006b7000000| Untracked 
| 690|0x00000006b7400000, 0x00000006b7400000, 0x00000006b7800000|  0%| F|  |TAMS 0x00000006b7400000, 0x00000006b7400000| Untracked 
| 691|0x00000006b7800000, 0x00000006b7800000, 0x00000006b7c00000|  0%| F|  |TAMS 0x00000006b7800000, 0x00000006b7800000| Untracked 
| 692|0x00000006b7c00000, 0x00000006b7c00000, 0x00000006b8000000|  0%| F|  |TAMS 0x00000006b7c00000, 0x00000006b7c00000| Untracked 
| 693|0x00000006b8000000, 0x00000006b8000000, 0x00000006b8400000|  0%| F|  |TAMS 0x00000006b8000000, 0x00000006b8000000| Untracked 
| 694|0x00000006b8400000, 0x00000006b8400000, 0x00000006b8800000|  0%| F|  |TAMS 0x00000006b8400000, 0x00000006b8400000| Untracked 
| 695|0x00000006b8800000, 0x00000006b8800000, 0x00000006b8c00000|  0%| F|  |TAMS 0x00000006b8800000, 0x00000006b8800000| Untracked 
| 696|0x00000006b8c00000, 0x00000006b8c00000, 0x00000006b9000000|  0%| F|  |TAMS 0x00000006b8c00000, 0x00000006b8c00000| Untracked 
| 697|0x00000006b9000000, 0x00000006b9000000, 0x00000006b9400000|  0%| F|  |TAMS 0x00000006b9000000, 0x00000006b9000000| Untracked 
| 698|0x00000006b9400000, 0x00000006b9400000, 0x00000006b9800000|  0%| F|  |TAMS 0x00000006b9400000, 0x00000006b9400000| Untracked 
| 699|0x00000006b9800000, 0x00000006b9800000, 0x00000006b9c00000|  0%| F|  |TAMS 0x00000006b9800000, 0x00000006b9800000| Untracked 
| 700|0x00000006b9c00000, 0x00000006b9c00000, 0x00000006ba000000|  0%| F|  |TAMS 0x00000006b9c00000, 0x00000006b9c00000| Untracked 
| 701|0x00000006ba000000, 0x00000006ba000000, 0x00000006ba400000|  0%| F|  |TAMS 0x00000006ba000000, 0x00000006ba000000| Untracked 
| 702|0x00000006ba400000, 0x00000006ba400000, 0x00000006ba800000|  0%| F|  |TAMS 0x00000006ba400000, 0x00000006ba400000| Untracked 
| 703|0x00000006ba800000, 0x00000006ba800000, 0x00000006bac00000|  0%| F|  |TAMS 0x00000006ba800000, 0x00000006ba800000| Untracked 
| 704|0x00000006bac00000, 0x00000006bac00000, 0x00000006bb000000|  0%| F|  |TAMS 0x00000006bac00000, 0x00000006bac00000| Untracked 
| 705|0x00000006bb000000, 0x00000006bb000000, 0x00000006bb400000|  0%| F|  |TAMS 0x00000006bb000000, 0x00000006bb000000| Untracked 
| 706|0x00000006bb400000, 0x00000006bb400000, 0x00000006bb800000|  0%| F|  |TAMS 0x00000006bb400000, 0x00000006bb400000| Untracked 
| 707|0x00000006bb800000, 0x00000006bb800000, 0x00000006bbc00000|  0%| F|  |TAMS 0x00000006bb800000, 0x00000006bb800000| Untracked 
| 708|0x00000006bbc00000, 0x00000006bbc00000, 0x00000006bc000000|  0%| F|  |TAMS 0x00000006bbc00000, 0x00000006bbc00000| Untracked 
| 709|0x00000006bc000000, 0x00000006bc000000, 0x00000006bc400000|  0%| F|  |TAMS 0x00000006bc000000, 0x00000006bc000000| Untracked 
| 710|0x00000006bc400000, 0x00000006bc400000, 0x00000006bc800000|  0%| F|  |TAMS 0x00000006bc400000, 0x00000006bc400000| Untracked 
| 711|0x00000006bc800000, 0x00000006bc800000, 0x00000006bcc00000|  0%| F|  |TAMS 0x00000006bc800000, 0x00000006bc800000| Untracked 
| 712|0x00000006bcc00000, 0x00000006bcc00000, 0x00000006bd000000|  0%| F|  |TAMS 0x00000006bcc00000, 0x00000006bcc00000| Untracked 
| 713|0x00000006bd000000, 0x00000006bd000000, 0x00000006bd400000|  0%| F|  |TAMS 0x00000006bd000000, 0x00000006bd000000| Untracked 
| 714|0x00000006bd400000, 0x00000006bd400000, 0x00000006bd800000|  0%| F|  |TAMS 0x00000006bd400000, 0x00000006bd400000| Untracked 
| 715|0x00000006bd800000, 0x00000006bd800000, 0x00000006bdc00000|  0%| F|  |TAMS 0x00000006bd800000, 0x00000006bd800000| Untracked 
| 716|0x00000006bdc00000, 0x00000006bdc00000, 0x00000006be000000|  0%| F|  |TAMS 0x00000006bdc00000, 0x00000006bdc00000| Untracked 
| 717|0x00000006be000000, 0x00000006be000000, 0x00000006be400000|  0%| F|  |TAMS 0x00000006be000000, 0x00000006be000000| Untracked 
| 718|0x00000006be400000, 0x00000006be400000, 0x00000006be800000|  0%| F|  |TAMS 0x00000006be400000, 0x00000006be400000| Untracked 
| 719|0x00000006be800000, 0x00000006be800000, 0x00000006bec00000|  0%| F|  |TAMS 0x00000006be800000, 0x00000006be800000| Untracked 
| 720|0x00000006bec00000, 0x00000006bec00000, 0x00000006bf000000|  0%| F|  |TAMS 0x00000006bec00000, 0x00000006bec00000| Untracked 
| 721|0x00000006bf000000, 0x00000006bf000000, 0x00000006bf400000|  0%| F|  |TAMS 0x00000006bf000000, 0x00000006bf000000| Untracked 
| 722|0x00000006bf400000, 0x00000006bf400000, 0x00000006bf800000|  0%| F|  |TAMS 0x00000006bf400000, 0x00000006bf400000| Untracked 
| 723|0x00000006bf800000, 0x00000006bf800000, 0x00000006bfc00000|  0%| F|  |TAMS 0x00000006bf800000, 0x00000006bf800000| Untracked 
| 724|0x00000006bfc00000, 0x00000006bfc00000, 0x00000006c0000000|  0%| F|  |TAMS 0x00000006bfc00000, 0x00000006bfc00000| Untracked 
| 725|0x00000006c0000000, 0x00000006c0000000, 0x00000006c0400000|  0%| F|  |TAMS 0x00000006c0000000, 0x00000006c0000000| Untracked 
| 726|0x00000006c0400000, 0x00000006c0400000, 0x00000006c0800000|  0%| F|  |TAMS 0x00000006c0400000, 0x00000006c0400000| Untracked 
| 727|0x00000006c0800000, 0x00000006c0800000, 0x00000006c0c00000|  0%| F|  |TAMS 0x00000006c0800000, 0x00000006c0800000| Untracked 
| 728|0x00000006c0c00000, 0x00000006c0c00000, 0x00000006c1000000|  0%| F|  |TAMS 0x00000006c0c00000, 0x00000006c0c00000| Untracked 
| 729|0x00000006c1000000, 0x00000006c1000000, 0x00000006c1400000|  0%| F|  |TAMS 0x00000006c1000000, 0x00000006c1000000| Untracked 
| 730|0x00000006c1400000, 0x00000006c1400000, 0x00000006c1800000|  0%| F|  |TAMS 0x00000006c1400000, 0x00000006c1400000| Untracked 
| 731|0x00000006c1800000, 0x00000006c1800000, 0x00000006c1c00000|  0%| F|  |TAMS 0x00000006c1800000, 0x00000006c1800000| Untracked 
| 732|0x00000006c1c00000, 0x00000006c1c00000, 0x00000006c2000000|  0%| F|  |TAMS 0x00000006c1c00000, 0x00000006c1c00000| Untracked 
| 733|0x00000006c2000000, 0x00000006c2000000, 0x00000006c2400000|  0%| F|  |TAMS 0x00000006c2000000, 0x00000006c2000000| Untracked 
| 734|0x00000006c2400000, 0x00000006c2400000, 0x00000006c2800000|  0%| F|  |TAMS 0x00000006c2400000, 0x00000006c2400000| Untracked 
| 735|0x00000006c2800000, 0x00000006c2800000, 0x00000006c2c00000|  0%| F|  |TAMS 0x00000006c2800000, 0x00000006c2800000| Untracked 
| 736|0x00000006c2c00000, 0x00000006c2c00000, 0x00000006c3000000|  0%| F|  |TAMS 0x00000006c2c00000, 0x00000006c2c00000| Untracked 
| 737|0x00000006c3000000, 0x00000006c3000000, 0x00000006c3400000|  0%| F|  |TAMS 0x00000006c3000000, 0x00000006c3000000| Untracked 
| 738|0x00000006c3400000, 0x00000006c3400000, 0x00000006c3800000|  0%| F|  |TAMS 0x00000006c3400000, 0x00000006c3400000| Untracked 
| 739|0x00000006c3800000, 0x00000006c3800000, 0x00000006c3c00000|  0%| F|  |TAMS 0x00000006c3800000, 0x00000006c3800000| Untracked 
| 740|0x00000006c3c00000, 0x00000006c3c00000, 0x00000006c4000000|  0%| F|  |TAMS 0x00000006c3c00000, 0x00000006c3c00000| Untracked 
| 741|0x00000006c4000000, 0x00000006c4000000, 0x00000006c4400000|  0%| F|  |TAMS 0x00000006c4000000, 0x00000006c4000000| Untracked 
| 742|0x00000006c4400000, 0x00000006c4400000, 0x00000006c4800000|  0%| F|  |TAMS 0x00000006c4400000, 0x00000006c4400000| Untracked 
| 743|0x00000006c4800000, 0x00000006c4800000, 0x00000006c4c00000|  0%| F|  |TAMS 0x00000006c4800000, 0x00000006c4800000| Untracked 
| 744|0x00000006c4c00000, 0x00000006c4c00000, 0x00000006c5000000|  0%| F|  |TAMS 0x00000006c4c00000, 0x00000006c4c00000| Untracked 
| 745|0x00000006c5000000, 0x00000006c5000000, 0x00000006c5400000|  0%| F|  |TAMS 0x00000006c5000000, 0x00000006c5000000| Untracked 
| 746|0x00000006c5400000, 0x00000006c5400000, 0x00000006c5800000|  0%| F|  |TAMS 0x00000006c5400000, 0x00000006c5400000| Untracked 
| 747|0x00000006c5800000, 0x00000006c5800000, 0x00000006c5c00000|  0%| F|  |TAMS 0x00000006c5800000, 0x00000006c5800000| Untracked 
| 748|0x00000006c5c00000, 0x00000006c5c00000, 0x00000006c6000000|  0%| F|  |TAMS 0x00000006c5c00000, 0x00000006c5c00000| Untracked 
| 749|0x00000006c6000000, 0x00000006c6000000, 0x00000006c6400000|  0%| F|  |TAMS 0x00000006c6000000, 0x00000006c6000000| Untracked 
| 750|0x00000006c6400000, 0x00000006c6400000, 0x00000006c6800000|  0%| F|  |TAMS 0x00000006c6400000, 0x00000006c6400000| Untracked 
| 751|0x00000006c6800000, 0x00000006c6800000, 0x00000006c6c00000|  0%| F|  |TAMS 0x00000006c6800000, 0x00000006c6800000| Untracked 
| 752|0x00000006c6c00000, 0x00000006c6c00000, 0x00000006c7000000|  0%| F|  |TAMS 0x00000006c6c00000, 0x00000006c6c00000| Untracked 
| 753|0x00000006c7000000, 0x00000006c7000000, 0x00000006c7400000|  0%| F|  |TAMS 0x00000006c7000000, 0x00000006c7000000| Untracked 
| 754|0x00000006c7400000, 0x00000006c7400000, 0x00000006c7800000|  0%| F|  |TAMS 0x00000006c7400000, 0x00000006c7400000| Untracked 
| 755|0x00000006c7800000, 0x00000006c7800000, 0x00000006c7c00000|  0%| F|  |TAMS 0x00000006c7800000, 0x00000006c7800000| Untracked 
| 756|0x00000006c7c00000, 0x00000006c7c00000, 0x00000006c8000000|  0%| F|  |TAMS 0x00000006c7c00000, 0x00000006c7c00000| Untracked 
| 757|0x00000006c8000000, 0x00000006c8000000, 0x00000006c8400000|  0%| F|  |TAMS 0x00000006c8000000, 0x00000006c8000000| Untracked 
| 758|0x00000006c8400000, 0x00000006c8400000, 0x00000006c8800000|  0%| F|  |TAMS 0x00000006c8400000, 0x00000006c8400000| Untracked 
| 759|0x00000006c8800000, 0x00000006c8800000, 0x00000006c8c00000|  0%| F|  |TAMS 0x00000006c8800000, 0x00000006c8800000| Untracked 
| 760|0x00000006c8c00000, 0x00000006c8c00000, 0x00000006c9000000|  0%| F|  |TAMS 0x00000006c8c00000, 0x00000006c8c00000| Untracked 
| 761|0x00000006c9000000, 0x00000006c9000000, 0x00000006c9400000|  0%| F|  |TAMS 0x00000006c9000000, 0x00000006c9000000| Untracked 
| 762|0x00000006c9400000, 0x00000006c9400000, 0x00000006c9800000|  0%| F|  |TAMS 0x00000006c9400000, 0x00000006c9400000| Untracked 
| 763|0x00000006c9800000, 0x00000006c9800000, 0x00000006c9c00000|  0%| F|  |TAMS 0x00000006c9800000, 0x00000006c9800000| Untracked 
| 764|0x00000006c9c00000, 0x00000006c9c00000, 0x00000006ca000000|  0%| F|  |TAMS 0x00000006c9c00000, 0x00000006c9c00000| Untracked 
| 765|0x00000006ca000000, 0x00000006ca000000, 0x00000006ca400000|  0%| F|  |TAMS 0x00000006ca000000, 0x00000006ca000000| Untracked 
| 766|0x00000006ca400000, 0x00000006ca400000, 0x00000006ca800000|  0%| F|  |TAMS 0x00000006ca400000, 0x00000006ca400000| Untracked 
| 767|0x00000006ca800000, 0x00000006ca800000, 0x00000006cac00000|  0%| F|  |TAMS 0x00000006ca800000, 0x00000006ca800000| Untracked 
| 768|0x00000006cac00000, 0x00000006cac00000, 0x00000006cb000000|  0%| F|  |TAMS 0x00000006cac00000, 0x00000006cac00000| Untracked 
| 769|0x00000006cb000000, 0x00000006cb000000, 0x00000006cb400000|  0%| F|  |TAMS 0x00000006cb000000, 0x00000006cb000000| Untracked 
| 770|0x00000006cb400000, 0x00000006cb400000, 0x00000006cb800000|  0%| F|  |TAMS 0x00000006cb400000, 0x00000006cb400000| Untracked 
| 771|0x00000006cb800000, 0x00000006cb800000, 0x00000006cbc00000|  0%| F|  |TAMS 0x00000006cb800000, 0x00000006cb800000| Untracked 
| 772|0x00000006cbc00000, 0x00000006cbc00000, 0x00000006cc000000|  0%| F|  |TAMS 0x00000006cbc00000, 0x00000006cbc00000| Untracked 
| 773|0x00000006cc000000, 0x00000006cc000000, 0x00000006cc400000|  0%| F|  |TAMS 0x00000006cc000000, 0x00000006cc000000| Untracked 
| 774|0x00000006cc400000, 0x00000006cc400000, 0x00000006cc800000|  0%| F|  |TAMS 0x00000006cc400000, 0x00000006cc400000| Untracked 
| 775|0x00000006cc800000, 0x00000006cc800000, 0x00000006ccc00000|  0%| F|  |TAMS 0x00000006cc800000, 0x00000006cc800000| Untracked 
| 776|0x00000006ccc00000, 0x00000006ccc00000, 0x00000006cd000000|  0%| F|  |TAMS 0x00000006ccc00000, 0x00000006ccc00000| Untracked 
| 777|0x00000006cd000000, 0x00000006cd000000, 0x00000006cd400000|  0%| F|  |TAMS 0x00000006cd000000, 0x00000006cd000000| Untracked 
| 778|0x00000006cd400000, 0x00000006cd400000, 0x00000006cd800000|  0%| F|  |TAMS 0x00000006cd400000, 0x00000006cd400000| Untracked 
| 779|0x00000006cd800000, 0x00000006cd800000, 0x00000006cdc00000|  0%| F|  |TAMS 0x00000006cd800000, 0x00000006cd800000| Untracked 
| 780|0x00000006cdc00000, 0x00000006cdc00000, 0x00000006ce000000|  0%| F|  |TAMS 0x00000006cdc00000, 0x00000006cdc00000| Untracked 
| 781|0x00000006ce000000, 0x00000006ce000000, 0x00000006ce400000|  0%| F|  |TAMS 0x00000006ce000000, 0x00000006ce000000| Untracked 
| 782|0x00000006ce400000, 0x00000006ce400000, 0x00000006ce800000|  0%| F|  |TAMS 0x00000006ce400000, 0x00000006ce400000| Untracked 
| 783|0x00000006ce800000, 0x00000006ce800000, 0x00000006cec00000|  0%| F|  |TAMS 0x00000006ce800000, 0x00000006ce800000| Untracked 
| 784|0x00000006cec00000, 0x00000006cec00000, 0x00000006cf000000|  0%| F|  |TAMS 0x00000006cec00000, 0x00000006cec00000| Untracked 
| 785|0x00000006cf000000, 0x00000006cf000000, 0x00000006cf400000|  0%| F|  |TAMS 0x00000006cf000000, 0x00000006cf000000| Untracked 
| 786|0x00000006cf400000, 0x00000006cf400000, 0x00000006cf800000|  0%| F|  |TAMS 0x00000006cf400000, 0x00000006cf400000| Untracked 
| 787|0x00000006cf800000, 0x00000006cf800000, 0x00000006cfc00000|  0%| F|  |TAMS 0x00000006cf800000, 0x00000006cf800000| Untracked 
| 788|0x00000006cfc00000, 0x00000006cfc00000, 0x00000006d0000000|  0%| F|  |TAMS 0x00000006cfc00000, 0x00000006cfc00000| Untracked 
| 789|0x00000006d0000000, 0x00000006d0000000, 0x00000006d0400000|  0%| F|  |TAMS 0x00000006d0000000, 0x00000006d0000000| Untracked 
| 790|0x00000006d0400000, 0x00000006d0400000, 0x00000006d0800000|  0%| F|  |TAMS 0x00000006d0400000, 0x00000006d0400000| Untracked 
| 791|0x00000006d0800000, 0x00000006d0800000, 0x00000006d0c00000|  0%| F|  |TAMS 0x00000006d0800000, 0x00000006d0800000| Untracked 
| 792|0x00000006d0c00000, 0x00000006d0c00000, 0x00000006d1000000|  0%| F|  |TAMS 0x00000006d0c00000, 0x00000006d0c00000| Untracked 
| 793|0x00000006d1000000, 0x00000006d1000000, 0x00000006d1400000|  0%| F|  |TAMS 0x00000006d1000000, 0x00000006d1000000| Untracked 
| 794|0x00000006d1400000, 0x00000006d1400000, 0x00000006d1800000|  0%| F|  |TAMS 0x00000006d1400000, 0x00000006d1400000| Untracked 
| 795|0x00000006d1800000, 0x00000006d1800000, 0x00000006d1c00000|  0%| F|  |TAMS 0x00000006d1800000, 0x00000006d1800000| Untracked 
| 796|0x00000006d1c00000, 0x00000006d1c00000, 0x00000006d2000000|  0%| F|  |TAMS 0x00000006d1c00000, 0x00000006d1c00000| Untracked 
| 797|0x00000006d2000000, 0x00000006d2000000, 0x00000006d2400000|  0%| F|  |TAMS 0x00000006d2000000, 0x00000006d2000000| Untracked 
| 798|0x00000006d2400000, 0x00000006d2400000, 0x00000006d2800000|  0%| F|  |TAMS 0x00000006d2400000, 0x00000006d2400000| Untracked 
| 799|0x00000006d2800000, 0x00000006d2800000, 0x00000006d2c00000|  0%| F|  |TAMS 0x00000006d2800000, 0x00000006d2800000| Untracked 
| 800|0x00000006d2c00000, 0x00000006d2c00000, 0x00000006d3000000|  0%| F|  |TAMS 0x00000006d2c00000, 0x00000006d2c00000| Untracked 
| 801|0x00000006d3000000, 0x00000006d3000000, 0x00000006d3400000|  0%| F|  |TAMS 0x00000006d3000000, 0x00000006d3000000| Untracked 
| 802|0x00000006d3400000, 0x00000006d3400000, 0x00000006d3800000|  0%| F|  |TAMS 0x00000006d3400000, 0x00000006d3400000| Untracked 
| 803|0x00000006d3800000, 0x00000006d3800000, 0x00000006d3c00000|  0%| F|  |TAMS 0x00000006d3800000, 0x00000006d3800000| Untracked 
| 804|0x00000006d3c00000, 0x00000006d3c00000, 0x00000006d4000000|  0%| F|  |TAMS 0x00000006d3c00000, 0x00000006d3c00000| Untracked 
| 805|0x00000006d4000000, 0x00000006d4000000, 0x00000006d4400000|  0%| F|  |TAMS 0x00000006d4000000, 0x00000006d4000000| Untracked 
| 806|0x00000006d4400000, 0x00000006d4400000, 0x00000006d4800000|  0%| F|  |TAMS 0x00000006d4400000, 0x00000006d4400000| Untracked 
| 807|0x00000006d4800000, 0x00000006d4800000, 0x00000006d4c00000|  0%| F|  |TAMS 0x00000006d4800000, 0x00000006d4800000| Untracked 
| 808|0x00000006d4c00000, 0x00000006d4c00000, 0x00000006d5000000|  0%| F|  |TAMS 0x00000006d4c00000, 0x00000006d4c00000| Untracked 
| 809|0x00000006d5000000, 0x00000006d5000000, 0x00000006d5400000|  0%| F|  |TAMS 0x00000006d5000000, 0x00000006d5000000| Untracked 
| 810|0x00000006d5400000, 0x00000006d5400000, 0x00000006d5800000|  0%| F|  |TAMS 0x00000006d5400000, 0x00000006d5400000| Untracked 
| 811|0x00000006d5800000, 0x00000006d5800000, 0x00000006d5c00000|  0%| F|  |TAMS 0x00000006d5800000, 0x00000006d5800000| Untracked 
| 812|0x00000006d5c00000, 0x00000006d5c00000, 0x00000006d6000000|  0%| F|  |TAMS 0x00000006d5c00000, 0x00000006d5c00000| Untracked 
| 813|0x00000006d6000000, 0x00000006d6000000, 0x00000006d6400000|  0%| F|  |TAMS 0x00000006d6000000, 0x00000006d6000000| Untracked 
| 814|0x00000006d6400000, 0x00000006d6400000, 0x00000006d6800000|  0%| F|  |TAMS 0x00000006d6400000, 0x00000006d6400000| Untracked 
| 815|0x00000006d6800000, 0x00000006d6800000, 0x00000006d6c00000|  0%| F|  |TAMS 0x00000006d6800000, 0x00000006d6800000| Untracked 
| 816|0x00000006d6c00000, 0x00000006d6c00000, 0x00000006d7000000|  0%| F|  |TAMS 0x00000006d6c00000, 0x00000006d6c00000| Untracked 
| 817|0x00000006d7000000, 0x00000006d7000000, 0x00000006d7400000|  0%| F|  |TAMS 0x00000006d7000000, 0x00000006d7000000| Untracked 
| 818|0x00000006d7400000, 0x00000006d7400000, 0x00000006d7800000|  0%| F|  |TAMS 0x00000006d7400000, 0x00000006d7400000| Untracked 
| 819|0x00000006d7800000, 0x00000006d7800000, 0x00000006d7c00000|  0%| F|  |TAMS 0x00000006d7800000, 0x00000006d7800000| Untracked 
| 820|0x00000006d7c00000, 0x00000006d7c00000, 0x00000006d8000000|  0%| F|  |TAMS 0x00000006d7c00000, 0x00000006d7c00000| Untracked 
| 821|0x00000006d8000000, 0x00000006d8000000, 0x00000006d8400000|  0%| F|  |TAMS 0x00000006d8000000, 0x00000006d8000000| Untracked 
| 822|0x00000006d8400000, 0x00000006d8400000, 0x00000006d8800000|  0%| F|  |TAMS 0x00000006d8400000, 0x00000006d8400000| Untracked 
| 823|0x00000006d8800000, 0x00000006d8800000, 0x00000006d8c00000|  0%| F|  |TAMS 0x00000006d8800000, 0x00000006d8800000| Untracked 
| 824|0x00000006d8c00000, 0x00000006d8c00000, 0x00000006d9000000|  0%| F|  |TAMS 0x00000006d8c00000, 0x00000006d8c00000| Untracked 
| 825|0x00000006d9000000, 0x00000006d9000000, 0x00000006d9400000|  0%| F|  |TAMS 0x00000006d9000000, 0x00000006d9000000| Untracked 
| 826|0x00000006d9400000, 0x00000006d9400000, 0x00000006d9800000|  0%| F|  |TAMS 0x00000006d9400000, 0x00000006d9400000| Untracked 
| 827|0x00000006d9800000, 0x00000006d9800000, 0x00000006d9c00000|  0%| F|  |TAMS 0x00000006d9800000, 0x00000006d9800000| Untracked 
| 828|0x00000006d9c00000, 0x00000006d9c00000, 0x00000006da000000|  0%| F|  |TAMS 0x00000006d9c00000, 0x00000006d9c00000| Untracked 
| 829|0x00000006da000000, 0x00000006da000000, 0x00000006da400000|  0%| F|  |TAMS 0x00000006da000000, 0x00000006da000000| Untracked 
| 830|0x00000006da400000, 0x00000006da400000, 0x00000006da800000|  0%| F|  |TAMS 0x00000006da400000, 0x00000006da400000| Untracked 
| 831|0x00000006da800000, 0x00000006da800000, 0x00000006dac00000|  0%| F|  |TAMS 0x00000006da800000, 0x00000006da800000| Untracked 
| 832|0x00000006dac00000, 0x00000006dac00000, 0x00000006db000000|  0%| F|  |TAMS 0x00000006dac00000, 0x00000006dac00000| Untracked 
| 833|0x00000006db000000, 0x00000006db000000, 0x00000006db400000|  0%| F|  |TAMS 0x00000006db000000, 0x00000006db000000| Untracked 
| 834|0x00000006db400000, 0x00000006db400000, 0x00000006db800000|  0%| F|  |TAMS 0x00000006db400000, 0x00000006db400000| Untracked 
| 835|0x00000006db800000, 0x00000006db800000, 0x00000006dbc00000|  0%| F|  |TAMS 0x00000006db800000, 0x00000006db800000| Untracked 
| 836|0x00000006dbc00000, 0x00000006dbc00000, 0x00000006dc000000|  0%| F|  |TAMS 0x00000006dbc00000, 0x00000006dbc00000| Untracked 
| 837|0x00000006dc000000, 0x00000006dc000000, 0x00000006dc400000|  0%| F|  |TAMS 0x00000006dc000000, 0x00000006dc000000| Untracked 
| 838|0x00000006dc400000, 0x00000006dc400000, 0x00000006dc800000|  0%| F|  |TAMS 0x00000006dc400000, 0x00000006dc400000| Untracked 
| 839|0x00000006dc800000, 0x00000006dc800000, 0x00000006dcc00000|  0%| F|  |TAMS 0x00000006dc800000, 0x00000006dc800000| Untracked 
| 840|0x00000006dcc00000, 0x00000006dcc00000, 0x00000006dd000000|  0%| F|  |TAMS 0x00000006dcc00000, 0x00000006dcc00000| Untracked 
| 841|0x00000006dd000000, 0x00000006dd000000, 0x00000006dd400000|  0%| F|  |TAMS 0x00000006dd000000, 0x00000006dd000000| Untracked 
| 842|0x00000006dd400000, 0x00000006dd400000, 0x00000006dd800000|  0%| F|  |TAMS 0x00000006dd400000, 0x00000006dd400000| Untracked 
| 843|0x00000006dd800000, 0x00000006dd800000, 0x00000006ddc00000|  0%| F|  |TAMS 0x00000006dd800000, 0x00000006dd800000| Untracked 
| 844|0x00000006ddc00000, 0x00000006ddc00000, 0x00000006de000000|  0%| F|  |TAMS 0x00000006ddc00000, 0x00000006ddc00000| Untracked 
| 845|0x00000006de000000, 0x00000006de000000, 0x00000006de400000|  0%| F|  |TAMS 0x00000006de000000, 0x00000006de000000| Untracked 
| 846|0x00000006de400000, 0x00000006de400000, 0x00000006de800000|  0%| F|  |TAMS 0x00000006de400000, 0x00000006de400000| Untracked 
| 847|0x00000006de800000, 0x00000006de800000, 0x00000006dec00000|  0%| F|  |TAMS 0x00000006de800000, 0x00000006de800000| Untracked 
| 848|0x00000006dec00000, 0x00000006dec00000, 0x00000006df000000|  0%| F|  |TAMS 0x00000006dec00000, 0x00000006dec00000| Untracked 
| 849|0x00000006df000000, 0x00000006df000000, 0x00000006df400000|  0%| F|  |TAMS 0x00000006df000000, 0x00000006df000000| Untracked 
| 850|0x00000006df400000, 0x00000006df400000, 0x00000006df800000|  0%| F|  |TAMS 0x00000006df400000, 0x00000006df400000| Untracked 
| 851|0x00000006df800000, 0x00000006df800000, 0x00000006dfc00000|  0%| F|  |TAMS 0x00000006df800000, 0x00000006df800000| Untracked 
| 852|0x00000006dfc00000, 0x00000006dfc00000, 0x00000006e0000000|  0%| F|  |TAMS 0x00000006dfc00000, 0x00000006dfc00000| Untracked 
| 853|0x00000006e0000000, 0x00000006e0000000, 0x00000006e0400000|  0%| F|  |TAMS 0x00000006e0000000, 0x00000006e0000000| Untracked 
| 854|0x00000006e0400000, 0x00000006e0400000, 0x00000006e0800000|  0%| F|  |TAMS 0x00000006e0400000, 0x00000006e0400000| Untracked 
| 855|0x00000006e0800000, 0x00000006e0800000, 0x00000006e0c00000|  0%| F|  |TAMS 0x00000006e0800000, 0x00000006e0800000| Untracked 
| 856|0x00000006e0c00000, 0x00000006e0c00000, 0x00000006e1000000|  0%| F|  |TAMS 0x00000006e0c00000, 0x00000006e0c00000| Untracked 
| 857|0x00000006e1000000, 0x00000006e1000000, 0x00000006e1400000|  0%| F|  |TAMS 0x00000006e1000000, 0x00000006e1000000| Untracked 
| 858|0x00000006e1400000, 0x00000006e1400000, 0x00000006e1800000|  0%| F|  |TAMS 0x00000006e1400000, 0x00000006e1400000| Untracked 
| 859|0x00000006e1800000, 0x00000006e1800000, 0x00000006e1c00000|  0%| F|  |TAMS 0x00000006e1800000, 0x00000006e1800000| Untracked 
| 860|0x00000006e1c00000, 0x00000006e1c00000, 0x00000006e2000000|  0%| F|  |TAMS 0x00000006e1c00000, 0x00000006e1c00000| Untracked 
| 861|0x00000006e2000000, 0x00000006e2000000, 0x00000006e2400000|  0%| F|  |TAMS 0x00000006e2000000, 0x00000006e2000000| Untracked 
| 862|0x00000006e2400000, 0x00000006e2400000, 0x00000006e2800000|  0%| F|  |TAMS 0x00000006e2400000, 0x00000006e2400000| Untracked 
| 863|0x00000006e2800000, 0x00000006e2800000, 0x00000006e2c00000|  0%| F|  |TAMS 0x00000006e2800000, 0x00000006e2800000| Untracked 
| 864|0x00000006e2c00000, 0x00000006e2c00000, 0x00000006e3000000|  0%| F|  |TAMS 0x00000006e2c00000, 0x00000006e2c00000| Untracked 
| 865|0x00000006e3000000, 0x00000006e3000000, 0x00000006e3400000|  0%| F|  |TAMS 0x00000006e3000000, 0x00000006e3000000| Untracked 
| 866|0x00000006e3400000, 0x00000006e3400000, 0x00000006e3800000|  0%| F|  |TAMS 0x00000006e3400000, 0x00000006e3400000| Untracked 
| 867|0x00000006e3800000, 0x00000006e3800000, 0x00000006e3c00000|  0%| F|  |TAMS 0x00000006e3800000, 0x00000006e3800000| Untracked 
| 868|0x00000006e3c00000, 0x00000006e3c00000, 0x00000006e4000000|  0%| F|  |TAMS 0x00000006e3c00000, 0x00000006e3c00000| Untracked 
| 869|0x00000006e4000000, 0x00000006e4000000, 0x00000006e4400000|  0%| F|  |TAMS 0x00000006e4000000, 0x00000006e4000000| Untracked 
| 870|0x00000006e4400000, 0x00000006e4400000, 0x00000006e4800000|  0%| F|  |TAMS 0x00000006e4400000, 0x00000006e4400000| Untracked 
| 871|0x00000006e4800000, 0x00000006e4800000, 0x00000006e4c00000|  0%| F|  |TAMS 0x00000006e4800000, 0x00000006e4800000| Untracked 
| 872|0x00000006e4c00000, 0x00000006e4c00000, 0x00000006e5000000|  0%| F|  |TAMS 0x00000006e4c00000, 0x00000006e4c00000| Untracked 
| 873|0x00000006e5000000, 0x00000006e5000000, 0x00000006e5400000|  0%| F|  |TAMS 0x00000006e5000000, 0x00000006e5000000| Untracked 
| 874|0x00000006e5400000, 0x00000006e5400000, 0x00000006e5800000|  0%| F|  |TAMS 0x00000006e5400000, 0x00000006e5400000| Untracked 
| 875|0x00000006e5800000, 0x00000006e5800000, 0x00000006e5c00000|  0%| F|  |TAMS 0x00000006e5800000, 0x00000006e5800000| Untracked 
| 876|0x00000006e5c00000, 0x00000006e5c00000, 0x00000006e6000000|  0%| F|  |TAMS 0x00000006e5c00000, 0x00000006e5c00000| Untracked 
| 877|0x00000006e6000000, 0x00000006e6000000, 0x00000006e6400000|  0%| F|  |TAMS 0x00000006e6000000, 0x00000006e6000000| Untracked 
| 878|0x00000006e6400000, 0x00000006e6400000, 0x00000006e6800000|  0%| F|  |TAMS 0x00000006e6400000, 0x00000006e6400000| Untracked 
| 879|0x00000006e6800000, 0x00000006e6800000, 0x00000006e6c00000|  0%| F|  |TAMS 0x00000006e6800000, 0x00000006e6800000| Untracked 
| 880|0x00000006e6c00000, 0x00000006e6c00000, 0x00000006e7000000|  0%| F|  |TAMS 0x00000006e6c00000, 0x00000006e6c00000| Untracked 
| 881|0x00000006e7000000, 0x00000006e7000000, 0x00000006e7400000|  0%| F|  |TAMS 0x00000006e7000000, 0x00000006e7000000| Untracked 
| 882|0x00000006e7400000, 0x00000006e7400000, 0x00000006e7800000|  0%| F|  |TAMS 0x00000006e7400000, 0x00000006e7400000| Untracked 
| 883|0x00000006e7800000, 0x00000006e7800000, 0x00000006e7c00000|  0%| F|  |TAMS 0x00000006e7800000, 0x00000006e7800000| Untracked 
| 884|0x00000006e7c00000, 0x00000006e7c00000, 0x00000006e8000000|  0%| F|  |TAMS 0x00000006e7c00000, 0x00000006e7c00000| Untracked 
| 885|0x00000006e8000000, 0x00000006e8000000, 0x00000006e8400000|  0%| F|  |TAMS 0x00000006e8000000, 0x00000006e8000000| Untracked 
| 886|0x00000006e8400000, 0x00000006e8400000, 0x00000006e8800000|  0%| F|  |TAMS 0x00000006e8400000, 0x00000006e8400000| Untracked 
| 887|0x00000006e8800000, 0x00000006e8800000, 0x00000006e8c00000|  0%| F|  |TAMS 0x00000006e8800000, 0x00000006e8800000| Untracked 
| 888|0x00000006e8c00000, 0x00000006e8c00000, 0x00000006e9000000|  0%| F|  |TAMS 0x00000006e8c00000, 0x00000006e8c00000| Untracked 
| 889|0x00000006e9000000, 0x00000006e9000000, 0x00000006e9400000|  0%| F|  |TAMS 0x00000006e9000000, 0x00000006e9000000| Untracked 
| 890|0x00000006e9400000, 0x00000006e9400000, 0x00000006e9800000|  0%| F|  |TAMS 0x00000006e9400000, 0x00000006e9400000| Untracked 
| 891|0x00000006e9800000, 0x00000006e9800000, 0x00000006e9c00000|  0%| F|  |TAMS 0x00000006e9800000, 0x00000006e9800000| Untracked 
| 892|0x00000006e9c00000, 0x00000006e9c00000, 0x00000006ea000000|  0%| F|  |TAMS 0x00000006e9c00000, 0x00000006e9c00000| Untracked 
| 893|0x00000006ea000000, 0x00000006ea000000, 0x00000006ea400000|  0%| F|  |TAMS 0x00000006ea000000, 0x00000006ea000000| Untracked 
| 894|0x00000006ea400000, 0x00000006ea400000, 0x00000006ea800000|  0%| F|  |TAMS 0x00000006ea400000, 0x00000006ea400000| Untracked 
| 895|0x00000006ea800000, 0x00000006ea800000, 0x00000006eac00000|  0%| F|  |TAMS 0x00000006ea800000, 0x00000006ea800000| Untracked 
| 896|0x00000006eac00000, 0x00000006eac00000, 0x00000006eb000000|  0%| F|  |TAMS 0x00000006eac00000, 0x00000006eac00000| Untracked 
| 897|0x00000006eb000000, 0x00000006eb000000, 0x00000006eb400000|  0%| F|  |TAMS 0x00000006eb000000, 0x00000006eb000000| Untracked 
| 898|0x00000006eb400000, 0x00000006eb400000, 0x00000006eb800000|  0%| F|  |TAMS 0x00000006eb400000, 0x00000006eb400000| Untracked 
| 899|0x00000006eb800000, 0x00000006eb800000, 0x00000006ebc00000|  0%| F|  |TAMS 0x00000006eb800000, 0x00000006eb800000| Untracked 
| 900|0x00000006ebc00000, 0x00000006ebc00000, 0x00000006ec000000|  0%| F|  |TAMS 0x00000006ebc00000, 0x00000006ebc00000| Untracked 
| 901|0x00000006ec000000, 0x00000006ec000000, 0x00000006ec400000|  0%| F|  |TAMS 0x00000006ec000000, 0x00000006ec000000| Untracked 
| 902|0x00000006ec400000, 0x00000006ec400000, 0x00000006ec800000|  0%| F|  |TAMS 0x00000006ec400000, 0x00000006ec400000| Untracked 
| 903|0x00000006ec800000, 0x00000006ec800000, 0x00000006ecc00000|  0%| F|  |TAMS 0x00000006ec800000, 0x00000006ec800000| Untracked 
| 904|0x00000006ecc00000, 0x00000006ecc00000, 0x00000006ed000000|  0%| F|  |TAMS 0x00000006ecc00000, 0x00000006ecc00000| Untracked 
| 905|0x00000006ed000000, 0x00000006ed000000, 0x00000006ed400000|  0%| F|  |TAMS 0x00000006ed000000, 0x00000006ed000000| Untracked 
| 906|0x00000006ed400000, 0x00000006ed400000, 0x00000006ed800000|  0%| F|  |TAMS 0x00000006ed400000, 0x00000006ed400000| Untracked 
| 907|0x00000006ed800000, 0x00000006ed800000, 0x00000006edc00000|  0%| F|  |TAMS 0x00000006ed800000, 0x00000006ed800000| Untracked 
| 908|0x00000006edc00000, 0x00000006edc00000, 0x00000006ee000000|  0%| F|  |TAMS 0x00000006edc00000, 0x00000006edc00000| Untracked 
| 909|0x00000006ee000000, 0x00000006ee000000, 0x00000006ee400000|  0%| F|  |TAMS 0x00000006ee000000, 0x00000006ee000000| Untracked 
| 910|0x00000006ee400000, 0x00000006ee400000, 0x00000006ee800000|  0%| F|  |TAMS 0x00000006ee400000, 0x00000006ee400000| Untracked 
| 911|0x00000006ee800000, 0x00000006ee800000, 0x00000006eec00000|  0%| F|  |TAMS 0x00000006ee800000, 0x00000006ee800000| Untracked 
| 912|0x00000006eec00000, 0x00000006eec00000, 0x00000006ef000000|  0%| F|  |TAMS 0x00000006eec00000, 0x00000006eec00000| Untracked 
| 913|0x00000006ef000000, 0x00000006ef000000, 0x00000006ef400000|  0%| F|  |TAMS 0x00000006ef000000, 0x00000006ef000000| Untracked 
| 914|0x00000006ef400000, 0x00000006ef400000, 0x00000006ef800000|  0%| F|  |TAMS 0x00000006ef400000, 0x00000006ef400000| Untracked 
| 915|0x00000006ef800000, 0x00000006ef800000, 0x00000006efc00000|  0%| F|  |TAMS 0x00000006ef800000, 0x00000006ef800000| Untracked 
| 916|0x00000006efc00000, 0x00000006efc00000, 0x00000006f0000000|  0%| F|  |TAMS 0x00000006efc00000, 0x00000006efc00000| Untracked 
| 917|0x00000006f0000000, 0x00000006f0000000, 0x00000006f0400000|  0%| F|  |TAMS 0x00000006f0000000, 0x00000006f0000000| Untracked 
| 918|0x00000006f0400000, 0x00000006f0400000, 0x00000006f0800000|  0%| F|  |TAMS 0x00000006f0400000, 0x00000006f0400000| Untracked 
| 919|0x00000006f0800000, 0x00000006f0800000, 0x00000006f0c00000|  0%| F|  |TAMS 0x00000006f0800000, 0x00000006f0800000| Untracked 
| 920|0x00000006f0c00000, 0x00000006f0c00000, 0x00000006f1000000|  0%| F|  |TAMS 0x00000006f0c00000, 0x00000006f0c00000| Untracked 
| 921|0x00000006f1000000, 0x00000006f1000000, 0x00000006f1400000|  0%| F|  |TAMS 0x00000006f1000000, 0x00000006f1000000| Untracked 
| 922|0x00000006f1400000, 0x00000006f1400000, 0x00000006f1800000|  0%| F|  |TAMS 0x00000006f1400000, 0x00000006f1400000| Untracked 
| 923|0x00000006f1800000, 0x00000006f1be37a0, 0x00000006f1c00000| 97%| S|CS|TAMS 0x00000006f1800000, 0x00000006f1800000| Complete 
| 924|0x00000006f1c00000, 0x00000006f2000000, 0x00000006f2000000|100%| S|CS|TAMS 0x00000006f1c00000, 0x00000006f1c00000| Complete 
| 925|0x00000006f2000000, 0x00000006f2400000, 0x00000006f2400000|100%| S|CS|TAMS 0x00000006f2000000, 0x00000006f2000000| Complete 
| 926|0x00000006f2400000, 0x00000006f2800000, 0x00000006f2800000|100%| S|CS|TAMS 0x00000006f2400000, 0x00000006f2400000| Complete 
| 927|0x00000006f2800000, 0x00000006f2c00000, 0x00000006f2c00000|100%| S|CS|TAMS 0x00000006f2800000, 0x00000006f2800000| Complete 
| 928|0x00000006f2c00000, 0x00000006f3000000, 0x00000006f3000000|100%| S|CS|TAMS 0x00000006f2c00000, 0x00000006f2c00000| Complete 
| 929|0x00000006f3000000, 0x00000006f3000000, 0x00000006f3400000|  0%| F|  |TAMS 0x00000006f3000000, 0x00000006f3000000| Untracked 
| 930|0x00000006f3400000, 0x00000006f3400000, 0x00000006f3800000|  0%| F|  |TAMS 0x00000006f3400000, 0x00000006f3400000| Untracked 
| 931|0x00000006f3800000, 0x00000006f3800000, 0x00000006f3c00000|  0%| F|  |TAMS 0x00000006f3800000, 0x00000006f3800000| Untracked 
| 932|0x00000006f3c00000, 0x00000006f3c00000, 0x00000006f4000000|  0%| F|  |TAMS 0x00000006f3c00000, 0x00000006f3c00000| Untracked 
| 933|0x00000006f4000000, 0x00000006f4000000, 0x00000006f4400000|  0%| F|  |TAMS 0x00000006f4000000, 0x00000006f4000000| Untracked 
| 934|0x00000006f4400000, 0x00000006f4400000, 0x00000006f4800000|  0%| F|  |TAMS 0x00000006f4400000, 0x00000006f4400000| Untracked 
| 935|0x00000006f4800000, 0x00000006f4800000, 0x00000006f4c00000|  0%| F|  |TAMS 0x00000006f4800000, 0x00000006f4800000| Untracked 
| 936|0x00000006f4c00000, 0x00000006f4c00000, 0x00000006f5000000|  0%| F|  |TAMS 0x00000006f4c00000, 0x00000006f4c00000| Untracked 
| 937|0x00000006f5000000, 0x00000006f5000000, 0x00000006f5400000|  0%| F|  |TAMS 0x00000006f5000000, 0x00000006f5000000| Untracked 
| 938|0x00000006f5400000, 0x00000006f5400000, 0x00000006f5800000|  0%| F|  |TAMS 0x00000006f5400000, 0x00000006f5400000| Untracked 
| 939|0x00000006f5800000, 0x00000006f5800000, 0x00000006f5c00000|  0%| F|  |TAMS 0x00000006f5800000, 0x00000006f5800000| Untracked 
| 940|0x00000006f5c00000, 0x00000006f5c00000, 0x00000006f6000000|  0%| F|  |TAMS 0x00000006f5c00000, 0x00000006f5c00000| Untracked 
| 941|0x00000006f6000000, 0x00000006f6000000, 0x00000006f6400000|  0%| F|  |TAMS 0x00000006f6000000, 0x00000006f6000000| Untracked 
| 942|0x00000006f6400000, 0x00000006f6400000, 0x00000006f6800000|  0%| F|  |TAMS 0x00000006f6400000, 0x00000006f6400000| Untracked 
| 943|0x00000006f6800000, 0x00000006f6800000, 0x00000006f6c00000|  0%| F|  |TAMS 0x00000006f6800000, 0x00000006f6800000| Untracked 
| 944|0x00000006f6c00000, 0x00000006f6c00000, 0x00000006f7000000|  0%| F|  |TAMS 0x00000006f6c00000, 0x00000006f6c00000| Untracked 
| 945|0x00000006f7000000, 0x00000006f7000000, 0x00000006f7400000|  0%| F|  |TAMS 0x00000006f7000000, 0x00000006f7000000| Untracked 
| 946|0x00000006f7400000, 0x00000006f7400000, 0x00000006f7800000|  0%| F|  |TAMS 0x00000006f7400000, 0x00000006f7400000| Untracked 
| 947|0x00000006f7800000, 0x00000006f7800000, 0x00000006f7c00000|  0%| F|  |TAMS 0x00000006f7800000, 0x00000006f7800000| Untracked 
| 948|0x00000006f7c00000, 0x00000006f7c00000, 0x00000006f8000000|  0%| F|  |TAMS 0x00000006f7c00000, 0x00000006f7c00000| Untracked 
| 949|0x00000006f8000000, 0x00000006f8000000, 0x00000006f8400000|  0%| F|  |TAMS 0x00000006f8000000, 0x00000006f8000000| Untracked 
| 950|0x00000006f8400000, 0x00000006f8400000, 0x00000006f8800000|  0%| F|  |TAMS 0x00000006f8400000, 0x00000006f8400000| Untracked 
| 951|0x00000006f8800000, 0x00000006f8800000, 0x00000006f8c00000|  0%| F|  |TAMS 0x00000006f8800000, 0x00000006f8800000| Untracked 
| 952|0x00000006f8c00000, 0x00000006f8c00000, 0x00000006f9000000|  0%| F|  |TAMS 0x00000006f8c00000, 0x00000006f8c00000| Untracked 
| 953|0x00000006f9000000, 0x00000006f9000000, 0x00000006f9400000|  0%| F|  |TAMS 0x00000006f9000000, 0x00000006f9000000| Untracked 
| 954|0x00000006f9400000, 0x00000006f9400000, 0x00000006f9800000|  0%| F|  |TAMS 0x00000006f9400000, 0x00000006f9400000| Untracked 
| 955|0x00000006f9800000, 0x00000006f9800000, 0x00000006f9c00000|  0%| F|  |TAMS 0x00000006f9800000, 0x00000006f9800000| Untracked 
| 956|0x00000006f9c00000, 0x00000006f9c00000, 0x00000006fa000000|  0%| F|  |TAMS 0x00000006f9c00000, 0x00000006f9c00000| Untracked 
| 957|0x00000006fa000000, 0x00000006fa000000, 0x00000006fa400000|  0%| F|  |TAMS 0x00000006fa000000, 0x00000006fa000000| Untracked 
| 958|0x00000006fa400000, 0x00000006fa400000, 0x00000006fa800000|  0%| F|  |TAMS 0x00000006fa400000, 0x00000006fa400000| Untracked 
| 959|0x00000006fa800000, 0x00000006fa800000, 0x00000006fac00000|  0%| F|  |TAMS 0x00000006fa800000, 0x00000006fa800000| Untracked 
| 960|0x00000006fac00000, 0x00000006fac00000, 0x00000006fb000000|  0%| F|  |TAMS 0x00000006fac00000, 0x00000006fac00000| Untracked 
| 961|0x00000006fb000000, 0x00000006fb000000, 0x00000006fb400000|  0%| F|  |TAMS 0x00000006fb000000, 0x00000006fb000000| Untracked 
| 962|0x00000006fb400000, 0x00000006fb400000, 0x00000006fb800000|  0%| F|  |TAMS 0x00000006fb400000, 0x00000006fb400000| Untracked 
| 963|0x00000006fb800000, 0x00000006fb800000, 0x00000006fbc00000|  0%| F|  |TAMS 0x00000006fb800000, 0x00000006fb800000| Untracked 
| 964|0x00000006fbc00000, 0x00000006fbc00000, 0x00000006fc000000|  0%| F|  |TAMS 0x00000006fbc00000, 0x00000006fbc00000| Untracked 
| 965|0x00000006fc000000, 0x00000006fc000000, 0x00000006fc400000|  0%| F|  |TAMS 0x00000006fc000000, 0x00000006fc000000| Untracked 
| 966|0x00000006fc400000, 0x00000006fc400000, 0x00000006fc800000|  0%| F|  |TAMS 0x00000006fc400000, 0x00000006fc400000| Untracked 
| 967|0x00000006fc800000, 0x00000006fc800000, 0x00000006fcc00000|  0%| F|  |TAMS 0x00000006fc800000, 0x00000006fc800000| Untracked 
| 968|0x00000006fcc00000, 0x00000006fcc00000, 0x00000006fd000000|  0%| F|  |TAMS 0x00000006fcc00000, 0x00000006fcc00000| Untracked 
| 969|0x00000006fd000000, 0x00000006fd000000, 0x00000006fd400000|  0%| F|  |TAMS 0x00000006fd000000, 0x00000006fd000000| Untracked 
| 970|0x00000006fd400000, 0x00000006fd400000, 0x00000006fd800000|  0%| F|  |TAMS 0x00000006fd400000, 0x00000006fd400000| Untracked 
| 971|0x00000006fd800000, 0x00000006fd800000, 0x00000006fdc00000|  0%| F|  |TAMS 0x00000006fd800000, 0x00000006fd800000| Untracked 
| 972|0x00000006fdc00000, 0x00000006fdc00000, 0x00000006fe000000|  0%| F|  |TAMS 0x00000006fdc00000, 0x00000006fdc00000| Untracked 
| 973|0x00000006fe000000, 0x00000006fe000000, 0x00000006fe400000|  0%| F|  |TAMS 0x00000006fe000000, 0x00000006fe000000| Untracked 
| 974|0x00000006fe400000, 0x00000006fe400000, 0x00000006fe800000|  0%| F|  |TAMS 0x00000006fe400000, 0x00000006fe400000| Untracked 
| 975|0x00000006fe800000, 0x00000006fe800000, 0x00000006fec00000|  0%| F|  |TAMS 0x00000006fe800000, 0x00000006fe800000| Untracked 
| 976|0x00000006fec00000, 0x00000006fec00000, 0x00000006ff000000|  0%| F|  |TAMS 0x00000006fec00000, 0x00000006fec00000| Untracked 
| 977|0x00000006ff000000, 0x00000006ff000000, 0x00000006ff400000|  0%| F|  |TAMS 0x00000006ff000000, 0x00000006ff000000| Untracked 
| 978|0x00000006ff400000, 0x00000006ff400000, 0x00000006ff800000|  0%| F|  |TAMS 0x00000006ff400000, 0x00000006ff400000| Untracked 
| 979|0x00000006ff800000, 0x00000006ff800000, 0x00000006ffc00000|  0%| F|  |TAMS 0x00000006ff800000, 0x00000006ff800000| Untracked 
| 980|0x00000006ffc00000, 0x00000006ffc00000, 0x0000000700000000|  0%| F|  |TAMS 0x00000006ffc00000, 0x00000006ffc00000| Untracked 
|1925|0x00000007ec000000, 0x00000007ec400000, 0x00000007ec400000|100%| O|  |TAMS 0x00000007ec000000, 0x00000007ec000000| Untracked 
|1926|0x00000007ec400000, 0x00000007ec800000, 0x00000007ec800000|100%| O|  |TAMS 0x00000007ec400000, 0x00000007ec400000| Untracked 
|1927|0x00000007ec800000, 0x00000007ecc00000, 0x00000007ecc00000|100%| O|  |TAMS 0x00000007ec800000, 0x00000007ec800000| Untracked 
|1928|0x00000007ecc00000, 0x00000007ed000000, 0x00000007ed000000|100%| O|  |TAMS 0x00000007ecc00000, 0x00000007ecc00000| Untracked 
|1929|0x00000007ed000000, 0x00000007ed400000, 0x00000007ed400000|100%| O|  |TAMS 0x00000007ed000000, 0x00000007ed000000| Untracked 
|1930|0x00000007ed400000, 0x00000007ed800000, 0x00000007ed800000|100%| O|  |TAMS 0x00000007ed400000, 0x00000007ed400000| Untracked 
|1931|0x00000007ed800000, 0x00000007edc00000, 0x00000007edc00000|100%| O|  |TAMS 0x00000007ed800000, 0x00000007ed800000| Untracked 
|1932|0x00000007edc00000, 0x00000007ee000000, 0x00000007ee000000|100%| O|  |TAMS 0x00000007edc00000, 0x00000007edc00000| Untracked 
|1933|0x00000007ee000000, 0x00000007ee400000, 0x00000007ee400000|100%| O|  |TAMS 0x00000007ee000000, 0x00000007ee000000| Untracked 
|1934|0x00000007ee400000, 0x00000007ee800000, 0x00000007ee800000|100%| O|  |TAMS 0x00000007ee400000, 0x00000007ee400000| Untracked 
|1935|0x00000007ee800000, 0x00000007eec00000, 0x00000007eec00000|100%| O|  |TAMS 0x00000007ee800000, 0x00000007ee800000| Untracked 
|1936|0x00000007eec00000, 0x00000007ef000000, 0x00000007ef000000|100%| O|  |TAMS 0x00000007eec00000, 0x00000007eec00000| Untracked 
|1937|0x00000007ef000000, 0x00000007ef400000, 0x00000007ef400000|100%| O|  |TAMS 0x00000007ef000000, 0x00000007ef000000| Untracked 
|1938|0x00000007ef400000, 0x00000007ef800000, 0x00000007ef800000|100%| O|  |TAMS 0x00000007ef400000, 0x00000007ef400000| Untracked 
|1939|0x00000007ef800000, 0x00000007efc00000, 0x00000007efc00000|100%| O|  |TAMS 0x00000007ef800000, 0x00000007ef800000| Untracked 
|1940|0x00000007efc00000, 0x00000007f0000000, 0x00000007f0000000|100%| O|  |TAMS 0x00000007efc00000, 0x00000007efc00000| Untracked 
|1941|0x00000007f0000000, 0x00000007f0400000, 0x00000007f0400000|100%| O|  |TAMS 0x00000007f0000000, 0x00000007f0000000| Untracked 
|1942|0x00000007f0400000, 0x00000007f0800000, 0x00000007f0800000|100%| O|  |TAMS 0x00000007f0400000, 0x00000007f0400000| Untracked 
|1943|0x00000007f0800000, 0x00000007f0c00000, 0x00000007f0c00000|100%| O|  |TAMS 0x00000007f0800000, 0x00000007f0800000| Untracked 
|1944|0x00000007f0c00000, 0x00000007f1000000, 0x00000007f1000000|100%| O|  |TAMS 0x00000007f0c00000, 0x00000007f0c00000| Untracked 
|1945|0x00000007f1000000, 0x00000007f1400000, 0x00000007f1400000|100%| O|  |TAMS 0x00000007f1000000, 0x00000007f1000000| Untracked 
|1946|0x00000007f1400000, 0x00000007f1800000, 0x00000007f1800000|100%| O|  |TAMS 0x00000007f1400000, 0x00000007f1400000| Untracked 
|1947|0x00000007f1800000, 0x00000007f1c00000, 0x00000007f1c00000|100%| O|  |TAMS 0x00000007f1800000, 0x00000007f1800000| Untracked 
|1948|0x00000007f1c00000, 0x00000007f2000000, 0x00000007f2000000|100%| O|  |TAMS 0x00000007f1c00000, 0x00000007f1c00000| Untracked 
|1949|0x00000007f2000000, 0x00000007f2400000, 0x00000007f2400000|100%| O|  |TAMS 0x00000007f2000000, 0x00000007f2000000| Untracked 
|1950|0x00000007f2400000, 0x00000007f2800000, 0x00000007f2800000|100%| O|  |TAMS 0x00000007f2400000, 0x00000007f2400000| Untracked 
|1951|0x00000007f2800000, 0x00000007f2c00000, 0x00000007f2c00000|100%| O|  |TAMS 0x00000007f2800000, 0x00000007f2800000| Untracked 
|1952|0x00000007f2c00000, 0x00000007f3000000, 0x00000007f3000000|100%| O|  |TAMS 0x00000007f2c00000, 0x00000007f2c00000| Untracked 
|1953|0x00000007f3000000, 0x00000007f3400000, 0x00000007f3400000|100%| O|  |TAMS 0x00000007f3000000, 0x00000007f3000000| Untracked 
|1954|0x00000007f3400000, 0x00000007f3800000, 0x00000007f3800000|100%| O|  |TAMS 0x00000007f3400000, 0x00000007f3400000| Untracked 
|1955|0x00000007f3800000, 0x00000007f3c00000, 0x00000007f3c00000|100%| O|  |TAMS 0x00000007f3800000, 0x00000007f3800000| Untracked 
|1956|0x00000007f3c00000, 0x00000007f4000000, 0x00000007f4000000|100%| O|  |TAMS 0x00000007f3c00000, 0x00000007f3c00000| Untracked 
|1957|0x00000007f4000000, 0x00000007f4400000, 0x00000007f4400000|100%| O|  |TAMS 0x00000007f4000000, 0x00000007f4000000| Untracked 
|1958|0x00000007f4400000, 0x00000007f4800000, 0x00000007f4800000|100%| O|  |TAMS 0x00000007f4400000, 0x00000007f4400000| Untracked 
|1959|0x00000007f4800000, 0x00000007f4c00000, 0x00000007f4c00000|100%| O|  |TAMS 0x00000007f4800000, 0x00000007f4800000| Untracked 
|1960|0x00000007f4c00000, 0x00000007f5000000, 0x00000007f5000000|100%| O|  |TAMS 0x00000007f4c00000, 0x00000007f4c00000| Untracked 
|1961|0x00000007f5000000, 0x00000007f5400000, 0x00000007f5400000|100%| O|  |TAMS 0x00000007f5000000, 0x00000007f5000000| Untracked 
|1962|0x00000007f5400000, 0x00000007f5800000, 0x00000007f5800000|100%| O|  |TAMS 0x00000007f5400000, 0x00000007f5400000| Untracked 
|1963|0x00000007f5800000, 0x00000007f5c00000, 0x00000007f5c00000|100%| O|  |TAMS 0x00000007f5800000, 0x00000007f5800000| Untracked 
|1964|0x00000007f5c00000, 0x00000007f6000000, 0x00000007f6000000|100%| O|  |TAMS 0x00000007f5c00000, 0x00000007f5c00000| Untracked 
|1965|0x00000007f6000000, 0x00000007f6400000, 0x00000007f6400000|100%| O|  |TAMS 0x00000007f6000000, 0x00000007f6000000| Untracked 
|1966|0x00000007f6400000, 0x00000007f6800000, 0x00000007f6800000|100%| O|  |TAMS 0x00000007f6400000, 0x00000007f6400000| Untracked 
|1967|0x00000007f6800000, 0x00000007f6c00000, 0x00000007f6c00000|100%| O|  |TAMS 0x00000007f6800000, 0x00000007f6800000| Untracked 
|1968|0x00000007f6c00000, 0x00000007f7000000, 0x00000007f7000000|100%| O|  |TAMS 0x00000007f6c00000, 0x00000007f6c00000| Untracked 
|1969|0x00000007f7000000, 0x00000007f7400000, 0x00000007f7400000|100%| O|  |TAMS 0x00000007f7000000, 0x00000007f7000000| Untracked 
|1970|0x00000007f7400000, 0x00000007f7800000, 0x00000007f7800000|100%| O|  |TAMS 0x00000007f7400000, 0x00000007f7400000| Untracked 
|1971|0x00000007f7800000, 0x00000007f7c00000, 0x00000007f7c00000|100%| O|  |TAMS 0x00000007f7800000, 0x00000007f7800000| Untracked 
|1972|0x00000007f7c00000, 0x00000007f8000000, 0x00000007f8000000|100%| O|  |TAMS 0x00000007f7c00000, 0x00000007f7c00000| Untracked 
|1973|0x00000007f8000000, 0x00000007f8400000, 0x00000007f8400000|100%| O|  |TAMS 0x00000007f8000000, 0x00000007f8000000| Untracked 
|1974|0x00000007f8400000, 0x00000007f8800000, 0x00000007f8800000|100%| O|  |TAMS 0x00000007f8400000, 0x00000007f8400000| Untracked 
|1975|0x00000007f8800000, 0x00000007f8c00000, 0x00000007f8c00000|100%| O|  |TAMS 0x00000007f8800000, 0x00000007f8800000| Untracked 
|1976|0x00000007f8c00000, 0x00000007f9000000, 0x00000007f9000000|100%| O|  |TAMS 0x00000007f8c00000, 0x00000007f8c00000| Untracked 
|1977|0x00000007f9000000, 0x00000007f9400000, 0x00000007f9400000|100%| O|  |TAMS 0x00000007f9000000, 0x00000007f9000000| Untracked 
|1978|0x00000007f9400000, 0x00000007f9800000, 0x00000007f9800000|100%| O|  |TAMS 0x00000007f9400000, 0x00000007f9400000| Untracked 
|1979|0x00000007f9800000, 0x00000007f9c00000, 0x00000007f9c00000|100%| O|  |TAMS 0x00000007f9800000, 0x00000007f9800000| Untracked 
|1980|0x00000007f9c00000, 0x00000007fa000000, 0x00000007fa000000|100%| O|  |TAMS 0x00000007f9c00000, 0x00000007f9c00000| Untracked 
|1981|0x00000007fa000000, 0x00000007fa400000, 0x00000007fa400000|100%| O|  |TAMS 0x00000007fa000000, 0x00000007fa000000| Untracked 
|1982|0x00000007fa400000, 0x00000007fa800000, 0x00000007fa800000|100%| O|  |TAMS 0x00000007fa400000, 0x00000007fa400000| Untracked 
|1983|0x00000007fa800000, 0x00000007fac00000, 0x00000007fac00000|100%| O|  |TAMS 0x00000007fa800000, 0x00000007fa800000| Untracked 
|1984|0x00000007fac00000, 0x00000007fb000000, 0x00000007fb000000|100%| O|  |TAMS 0x00000007fac00000, 0x00000007fac00000| Untracked 
|1985|0x00000007fb000000, 0x00000007fb400000, 0x00000007fb400000|100%| O|  |TAMS 0x00000007fb000000, 0x00000007fb000000| Untracked 
|1986|0x00000007fb400000, 0x00000007fb800000, 0x00000007fb800000|100%| O|  |TAMS 0x00000007fb400000, 0x00000007fb400000| Untracked 
|1987|0x00000007fb800000, 0x00000007fbc00000, 0x00000007fbc00000|100%| O|  |TAMS 0x00000007fb800000, 0x00000007fb800000| Untracked 
|1988|0x00000007fbc00000, 0x00000007fc000000, 0x00000007fc000000|100%| O|  |TAMS 0x00000007fbc00000, 0x00000007fbc00000| Untracked 
|1989|0x00000007fc000000, 0x00000007fc400000, 0x00000007fc400000|100%| O|  |TAMS 0x00000007fc000000, 0x00000007fc000000| Untracked 
|1990|0x00000007fc400000, 0x00000007fc800000, 0x00000007fc800000|100%| O|  |TAMS 0x00000007fc400000, 0x00000007fc400000| Untracked 
|1991|0x00000007fc800000, 0x00000007fcc00000, 0x00000007fcc00000|100%| O|  |TAMS 0x00000007fc800000, 0x00000007fc800000| Untracked 
|1992|0x00000007fcc00000, 0x00000007fd000000, 0x00000007fd000000|100%| O|  |TAMS 0x00000007fcc00000, 0x00000007fcc00000| Untracked 
|1993|0x00000007fd000000, 0x00000007fd400000, 0x00000007fd400000|100%| O|  |TAMS 0x00000007fd000000, 0x00000007fd000000| Untracked 
|1994|0x00000007fd400000, 0x00000007fd800000, 0x00000007fd800000|100%| O|  |TAMS 0x00000007fd800000, 0x00000007fd400000| Untracked 
|1995|0x00000007fd800000, 0x00000007fdc00000, 0x00000007fdc00000|100%| O|  |TAMS 0x00000007fdc00000, 0x00000007fd800000| Untracked 
|1996|0x00000007fdc00000, 0x00000007fe000000, 0x00000007fe000000|100%| O|  |TAMS 0x00000007fe000000, 0x00000007fdc00000| Untracked 
|1997|0x00000007fe000000, 0x00000007fe400000, 0x00000007fe400000|100%| O|  |TAMS 0x00000007fe400000, 0x00000007fe000000| Untracked 
|1998|0x00000007fe400000, 0x00000007fe800000, 0x00000007fe800000|100%| O|  |TAMS 0x00000007fe800000, 0x00000007fe400000| Untracked 
|1999|0x00000007fe800000, 0x00000007fec00000, 0x00000007fec00000|100%| O|  |TAMS 0x00000007fec00000, 0x00000007fe800000| Untracked 
|2000|0x00000007fec00000, 0x00000007ff000000, 0x00000007ff000000|100%| O|  |TAMS 0x00000007ff000000, 0x00000007fec00000| Untracked 
|2001|0x00000007ff000000, 0x00000007ff400000, 0x00000007ff400000|100%| O|  |TAMS 0x00000007ff400000, 0x00000007ff000000| Untracked 
|2002|0x00000007ff400000, 0x00000007ff800000, 0x00000007ff800000|100%| O|  |TAMS 0x00000007ff800000, 0x00000007ff400000| Untracked 
|2003|0x00000007ff800000, 0x00000007ffc00000, 0x00000007ffc00000|100%| O|  |TAMS 0x00000007ffc00000, 0x00000007ff800000| Untracked 
|2004|0x00000007ffc00000, 0x00000007ffc00000, 0x0000000800000000|  0%| F|  |TAMS 0x00000007ffc00000, 0x00000007ffc00000| Untracked 

Card table byte_map: [0x000001cd53bf0000,0x000001cd54ba0000] _byte_map_base: 0x000001cd50b9a000

Marking Bits (Prev, Next): (CMBitMap*) 0x000001cd3bc66d10, (CMBitMap*) 0x000001cd3bc66cd0
 Prev Bits: [0x000001cd5d8a0000, 0x000001cd655f0000)
 Next Bits: [0x000001cd55b50000, 0x000001cd5d8a0000)

Polling page: 0x000001cd39b70000

Metaspace:

Usage:
  Non-class:     93.98 MB used.
      Class:      9.32 MB used.
       Both:    103.30 MB used.

Virtual space:
  Non-class space:      128.00 MB reserved,      94.31 MB ( 74%) committed,  2 nodes.
      Class space:        1.00 GB reserved,       9.56 MB ( <1%) committed,  1 nodes.
             Both:        1.12 GB reserved,     103.88 MB (  9%) committed. 

Chunk freelists:
   Non-Class:  976.00 KB
       Class:  6.31 MB
        Both:  7.27 MB

MaxMetaspaceSize: unlimited
CompressedClassSpaceSize: 1.00 GB
Initial GC threshold: 21.00 MB
Current GC threshold: 171.88 MB
CDS: on
MetaspaceReclaimPolicy: balanced
 - commit_granule_bytes: 65536.
 - commit_granule_words: 8192.
 - virtual_space_node_default_size: 8388608.
 - enlarge_chunks_in_place: 1.
 - new_chunks_are_fully_committed: 0.
 - uncommit_free_chunks: 1.
 - use_allocation_guard: 0.
 - handle_deallocations: 1.


Internal statistics:

num_allocs_failed_limit: 15.
num_arena_births: 864.
num_arena_deaths: 0.
num_vsnodes_births: 3.
num_vsnodes_deaths: 0.
num_space_committed: 1612.
num_space_uncommitted: 0.
num_chunks_returned_to_freelist: 15.
num_chunks_taken_from_freelist: 4048.
num_chunk_merges: 15.
num_chunk_splits: 3261.
num_chunks_enlarged: 2728.
num_inconsistent_stats: 0.

CodeHeap 'non-profiled nmethods': size=120000Kb used=10630Kb max_used=10630Kb free=109369Kb
 bounds [0x000001cd4b1c0000, 0x000001cd4bc30000, 0x000001cd526f0000]
CodeHeap 'profiled nmethods': size=120000Kb used=24270Kb max_used=24270Kb free=95729Kb
 bounds [0x000001cd436f0000, 0x000001cd44eb0000, 0x000001cd4ac20000]
CodeHeap 'non-nmethods': size=5760Kb used=1449Kb max_used=1566Kb free=4311Kb
 bounds [0x000001cd4ac20000, 0x000001cd4ae90000, 0x000001cd4b1c0000]
 total_blobs=9791 nmethods=8992 adapters=709
 compilation: enabled
              stopped_count=0, restarted_count=0
 full_count=0

Compilation events (20 events):
Event: 373.896 Thread 0x000001cd6836aac0 12148       3       org.hl7.fhir.r5.conformance.profile.ProfileUtilities::getSliceList (158 bytes)
Event: 373.900 Thread 0x000001cd6836aac0 nmethod 12148 0x000001cd44e9fa90 code [0x000001cd44e9ffa0, 0x000001cd44ea2e58]
Event: 373.900 Thread 0x000001cd6836aac0 12149       3       org.hl7.fhir.utilities.validation.ValidationOptions::withGuessSystem (12 bytes)
Event: 373.900 Thread 0x000001cd6836aac0 nmethod 12149 0x000001cd44357610 code [0x000001cd443577c0, 0x000001cd44357988]
Event: 373.910 Thread 0x000001cd6836aac0 12150       3       org.hl7.fhir.r5.fhirpath.FHIRPathEngine::getChildrenByName (188 bytes)
Event: 373.912 Thread 0x000001cd6836aac0 nmethod 12150 0x000001cd44ea3d90 code [0x000001cd44ea4140, 0x000001cd44ea5f18]
Event: 373.915 Thread 0x000001cd6836aac0 12152       3       org.hl7.fhir.r5.fhirpath.FHIRPathEngine::convertToString (75 bytes)
Event: 373.916 Thread 0x000001cd6836aac0 nmethod 12152 0x000001cd44ea6990 code [0x000001cd44ea6c00, 0x000001cd44ea7628]
Event: 373.922 Thread 0x000001cd6836aac0 12153       3       org.hl7.fhir.utilities.Utilities::containsInList (45 bytes)
Event: 373.922 Thread 0x000001cd6836aac0 nmethod 12153 0x000001cd444d7a10 code [0x000001cd444d7be0, 0x000001cd444d7fc8]
Event: 373.943 Thread 0x000001cd6836aac0 12154       3       org.hl7.fhir.r5.model.Coding::<init> (23 bytes)
Event: 373.943 Thread 0x000001cd6836aac0 nmethod 12154 0x000001cd44ea7990 code [0x000001cd44ea7b80, 0x000001cd44ea7ee8]
Event: 373.943 Thread 0x000001cd6836aac0 12155       3       org.hl7.fhir.r5.terminologies.utilities.ValidationResult::getMessage (27 bytes)
Event: 373.944 Thread 0x000001cd6836aac0 nmethod 12155 0x000001cd44ea8090 code [0x000001cd44ea8260, 0x000001cd44ea8528]
Event: 373.944 Thread 0x000001cd6836aac0 12156       3       org.hl7.fhir.r5.model.ImplementationGuide::getUrl (22 bytes)
Event: 373.945 Thread 0x000001cd6836aac0 nmethod 12156 0x000001cd44ea8610 code [0x000001cd44ea87c0, 0x000001cd44ea8ae8]
Event: 373.946 Thread 0x000001cd6836aac0 12157       1       org.hl7.fhir.r5.utils.validation.IValidatorResourceFetcher$ResourceVersionInformation::getSourcePackage (5 bytes)
Event: 373.946 Thread 0x000001cd6836aac0 nmethod 12157 0x000001cd4b7d9e10 code [0x000001cd4b7d9fa0, 0x000001cd4b7da078]
Event: 373.946 Thread 0x000001cd6836aac0 12158       3       org.hl7.fhir.utilities.regex.PrimitiveRegexes::contentEquals (50 bytes)
Event: 373.947 Thread 0x000001cd6836aac0 nmethod 12158 0x000001cd44ea8c10 code [0x000001cd44ea8e80, 0x000001cd44ea9998]

GC Heap History (20 events):
Event: 368.240 GC heap after
{Heap after GC invocations=105 (full 0):
 garbage-first heap   total 4182016K, used 1466053K [0x000000060ac00000, 0x0000000800000000)
  region size 4096K, 2 young (8192K), 2 survivors (8192K)
 Metaspace       used 104970K, committed 105600K, reserved 1179648K
  class space    used 9530K, committed 9792K, reserved 1048576K
}
Event: 370.407 GC heap before
{Heap before GC invocations=105 (full 0):
 garbage-first heap   total 4182016K, used 2539205K [0x000000060ac00000, 0x0000000800000000)
  region size 4096K, 264 young (1081344K), 2 survivors (8192K)
 Metaspace       used 104970K, committed 105600K, reserved 1179648K
  class space    used 9530K, committed 9792K, reserved 1048576K
}
Event: 370.435 GC heap after
{Heap after GC invocations=106 (full 0):
 garbage-first heap   total 4182016K, used 1521349K [0x000000060ac00000, 0x0000000800000000)
  region size 4096K, 15 young (61440K), 15 survivors (61440K)
 Metaspace       used 104970K, committed 105600K, reserved 1179648K
  class space    used 9530K, committed 9792K, reserved 1048576K
}
Event: 370.639 GC heap before
{Heap before GC invocations=106 (full 0):
 garbage-first heap   total 4182016K, used 1668805K [0x000000060ac00000, 0x0000000800000000)
  region size 4096K, 51 young (208896K), 15 survivors (61440K)
 Metaspace       used 104970K, committed 105600K, reserved 1179648K
  class space    used 9530K, committed 9792K, reserved 1048576K
}
Event: 370.662 GC heap after
{Heap after GC invocations=107 (full 0):
 garbage-first heap   total 4182016K, used 1533781K [0x000000060ac00000, 0x0000000800000000)
  region size 4096K, 4 young (16384K), 4 survivors (16384K)
 Metaspace       used 104970K, committed 105600K, reserved 1179648K
  class space    used 9530K, committed 9792K, reserved 1048576K
}
Event: 370.930 GC heap before
{Heap before GC invocations=107 (full 0):
 garbage-first heap   total 4182016K, used 1726293K [0x000000060ac00000, 0x0000000800000000)
  region size 4096K, 51 young (208896K), 4 survivors (16384K)
 Metaspace       used 104970K, committed 105600K, reserved 1179648K
  class space    used 9530K, committed 9792K, reserved 1048576K
}
Event: 370.938 GC heap after
{Heap after GC invocations=108 (full 0):
 garbage-first heap   total 4182016K, used 1540738K [0x000000060ac00000, 0x0000000800000000)
  region size 4096K, 5 young (20480K), 5 survivors (20480K)
 Metaspace       used 104970K, committed 105600K, reserved 1179648K
  class space    used 9530K, committed 9792K, reserved 1048576K
}
Event: 371.360 GC heap before
{Heap before GC invocations=108 (full 0):
 garbage-first heap   total 4182016K, used 1925762K [0x000000060ac00000, 0x0000000800000000)
  region size 4096K, 99 young (405504K), 5 survivors (20480K)
 Metaspace       used 104971K, committed 105600K, reserved 1179648K
  class space    used 9530K, committed 9792K, reserved 1048576K
}
Event: 371.393 GC heap after
{Heap after GC invocations=109 (full 0):
 garbage-first heap   total 4182016K, used 1576470K [0x000000060ac00000, 0x0000000800000000)
  region size 4096K, 13 young (53248K), 13 survivors (53248K)
 Metaspace       used 104971K, committed 105600K, reserved 1179648K
  class space    used 9530K, committed 9792K, reserved 1048576K
}
Event: 371.698 GC heap before
{Heap before GC invocations=109 (full 0):
 garbage-first heap   total 4182016K, used 1900054K [0x000000060ac00000, 0x0000000800000000)
  region size 4096K, 92 young (376832K), 13 survivors (53248K)
 Metaspace       used 104971K, committed 105600K, reserved 1179648K
  class space    used 9530K, committed 9792K, reserved 1048576K
}
Event: 371.767 GC heap after
{Heap after GC invocations=110 (full 0):
 garbage-first heap   total 4182016K, used 1628134K [0x000000060ac00000, 0x0000000800000000)
  region size 4096K, 12 young (49152K), 12 survivors (49152K)
 Metaspace       used 104971K, committed 105600K, reserved 1179648K
  class space    used 9530K, committed 9792K, reserved 1048576K
}
Event: 371.915 GC heap before
{Heap before GC invocations=110 (full 0):
 garbage-first heap   total 4182016K, used 1787878K [0x000000060ac00000, 0x0000000800000000)
  region size 4096K, 51 young (208896K), 12 survivors (49152K)
 Metaspace       used 104971K, committed 105600K, reserved 1179648K
  class space    used 9530K, committed 9792K, reserved 1048576K
}
Event: 371.960 GC heap after
{Heap after GC invocations=111 (full 0):
 garbage-first heap   total 4345856K, used 1659123K [0x000000060ac00000, 0x0000000800000000)
  region size 4096K, 7 young (28672K), 7 survivors (28672K)
 Metaspace       used 104971K, committed 105600K, reserved 1179648K
  class space    used 9530K, committed 9792K, reserved 1048576K
}
Event: 372.231 GC heap before
{Heap before GC invocations=111 (full 0):
 garbage-first heap   total 4345856K, used 1847539K [0x000000060ac00000, 0x0000000800000000)
  region size 4096K, 53 young (217088K), 7 survivors (28672K)
 Metaspace       used 104971K, committed 105600K, reserved 1179648K
  class space    used 9530K, committed 9792K, reserved 1048576K
}
Event: 372.268 GC heap after
{Heap after GC invocations=112 (full 0):
 garbage-first heap   total 4345856K, used 1690060K [0x000000060ac00000, 0x0000000800000000)
  region size 4096K, 7 young (28672K), 7 survivors (28672K)
 Metaspace       used 104971K, committed 105600K, reserved 1179648K
  class space    used 9530K, committed 9792K, reserved 1048576K
}
Event: 372.441 GC heap before
{Heap before GC invocations=112 (full 0):
 garbage-first heap   total 4345856K, used 1878476K [0x000000060ac00000, 0x0000000800000000)
  region size 4096K, 53 young (217088K), 7 survivors (28672K)
 Metaspace       used 104971K, committed 105600K, reserved 1179648K
  class space    used 9530K, committed 9792K, reserved 1048576K
}
Event: 372.485 GC heap after
{Heap after GC invocations=113 (full 0):
 garbage-first heap   total 4345856K, used 1723137K [0x000000060ac00000, 0x0000000800000000)
  region size 4096K, 7 young (28672K), 7 survivors (28672K)
 Metaspace       used 104971K, committed 105600K, reserved 1179648K
  class space    used 9530K, committed 9792K, reserved 1048576K
}
Event: 372.708 GC heap before
{Heap before GC invocations=113 (full 0):
 garbage-first heap   total 4345856K, used 1911553K [0x000000060ac00000, 0x0000000800000000)
  region size 4096K, 53 young (217088K), 7 survivors (28672K)
 Metaspace       used 104971K, committed 105600K, reserved 1179648K
  class space    used 9530K, committed 9792K, reserved 1048576K
}
Event: 372.756 GC heap after
{Heap after GC invocations=114 (full 0):
 garbage-first heap   total 4345856K, used 1756869K [0x000000060ac00000, 0x0000000800000000)
  region size 4096K, 7 young (28672K), 7 survivors (28672K)
 Metaspace       used 104971K, committed 105600K, reserved 1179648K
  class space    used 9530K, committed 9792K, reserved 1048576K
}
Event: 373.950 GC heap before
{Heap before GC invocations=114 (full 0):
 garbage-first heap   total 4345856K, used 1945285K [0x000000060ac00000, 0x0000000800000000)
  region size 4096K, 53 young (217088K), 7 survivors (28672K)
 Metaspace       used 105780K, committed 106368K, reserved 1179648K
  class space    used 9547K, committed 9792K, reserved 1048576K
}

Dll operation events (12 events):
Event: 0.026 Loaded shared library C:\Program Files\Microsoft\jdk-17.0.13.11-hotspot\bin\java.dll
Event: 0.058 Loaded shared library C:\Program Files\Microsoft\jdk-17.0.13.11-hotspot\bin\jsvml.dll
Event: 0.130 Loaded shared library C:\Program Files\Microsoft\jdk-17.0.13.11-hotspot\bin\net.dll
Event: 0.136 Loaded shared library C:\Program Files\Microsoft\jdk-17.0.13.11-hotspot\bin\nio.dll
Event: 0.228 Loaded shared library C:\Program Files\Microsoft\jdk-17.0.13.11-hotspot\bin\zip.dll
Event: 0.475 Loaded shared library C:\Program Files\Microsoft\jdk-17.0.13.11-hotspot\bin\jimage.dll
Event: 6.697 Loaded shared library C:\Program Files\Microsoft\jdk-17.0.13.11-hotspot\bin\sunmscapi.dll
Event: 7.539 Loaded shared library C:\Program Files\Microsoft\jdk-17.0.13.11-hotspot\bin\extnet.dll
Event: 19.994 Loaded shared library C:\Users\tomas.urbanczyk\AppData\Local\Temp\sqlite-3.53.2.0-ec4d4fd1-bd8b-4681-8684-8015eb947422-sqlitejdbc.dll
Event: 299.772 Loaded shared library C:\Program Files\Microsoft\jdk-17.0.13.11-hotspot\bin\management.dll
Event: 299.785 Loaded shared library C:\Program Files\Microsoft\jdk-17.0.13.11-hotspot\bin\management_ext.dll
Event: 313.314 Loaded shared library C:\Program Files\Microsoft\jdk-17.0.13.11-hotspot\bin\awt.dll

Deoptimization events (20 events):
Event: 373.597 Thread 0x000001cd3bbba9b0 Uncommon trap: trap_request=0xffffffc6 fr.pc=0x000001cd4b4a9848 relative=0x0000000000000128
Event: 373.597 Thread 0x000001cd3bbba9b0 Uncommon trap: reason=bimorphic_or_optimized_type_check action=maybe_recompile pc=0x000001cd4b4a9848 method=java.lang.Character.codePointAt(Ljava/lang/CharSequence;I)I @ 2 c2
Event: 373.597 Thread 0x000001cd3bbba9b0 DEOPT PACKING pc=0x000001cd4b4a9848 sp=0x000000350e3fc020
Event: 373.597 Thread 0x000001cd3bbba9b0 DEOPT UNPACKING pc=0x000001cd4ac769a3 sp=0x000000350e3fbfb8 mode 2
Event: 373.598 Thread 0x000001cd3bbba9b0 Uncommon trap: trap_request=0xffffff76 fr.pc=0x000001cd4b3f7800 relative=0x0000000000000260
Event: 373.598 Thread 0x000001cd3bbba9b0 Uncommon trap: reason=predicate action=maybe_recompile pc=0x000001cd4b3f7800 method=java.util.regex.Pattern$BmpCharPropertyGreedy.match(Ljava/util/regex/Matcher;ILjava/lang/CharSequence;)Z @ 12 c2
Event: 373.598 Thread 0x000001cd3bbba9b0 DEOPT PACKING pc=0x000001cd4b3f7800 sp=0x000000350e3fc170
Event: 373.598 Thread 0x000001cd3bbba9b0 DEOPT UNPACKING pc=0x000001cd4ac769a3 sp=0x000000350e3fc108 mode 2
Event: 373.711 Thread 0x000001cd3bbba9b0 Uncommon trap: trap_request=0xffffffc6 fr.pc=0x000001cd4b4b1c8c relative=0x000000000000064c
Event: 373.711 Thread 0x000001cd3bbba9b0 Uncommon trap: reason=bimorphic_or_optimized_type_check action=maybe_recompile pc=0x000001cd4b4b1c8c method=java.util.regex.Pattern$Slice.match(Ljava/util/regex/Matcher;ILjava/lang/CharSequence;)Z @ 49 c2
Event: 373.711 Thread 0x000001cd3bbba9b0 DEOPT PACKING pc=0x000001cd4b4b1c8c sp=0x000000350e3fbda0
Event: 373.711 Thread 0x000001cd3bbba9b0 DEOPT UNPACKING pc=0x000001cd4ac769a3 sp=0x000000350e3fbd28 mode 2
Event: 373.711 Thread 0x000001cd3bbba9b0 Uncommon trap: trap_request=0xffffffc6 fr.pc=0x000001cd4b4b1c8c relative=0x000000000000064c
Event: 373.711 Thread 0x000001cd3bbba9b0 Uncommon trap: reason=bimorphic_or_optimized_type_check action=maybe_recompile pc=0x000001cd4b4b1c8c method=java.util.regex.Pattern$Slice.match(Ljava/util/regex/Matcher;ILjava/lang/CharSequence;)Z @ 49 c2
Event: 373.711 Thread 0x000001cd3bbba9b0 DEOPT PACKING pc=0x000001cd4b4b1c8c sp=0x000000350e3fbe30
Event: 373.712 Thread 0x000001cd3bbba9b0 DEOPT UNPACKING pc=0x000001cd4ac769a3 sp=0x000000350e3fbdb8 mode 2
Event: 373.889 Thread 0x000001cd3bbba9b0 Uncommon trap: trap_request=0xffffff45 fr.pc=0x000001cd4bc2308c relative=0x0000000000003aec
Event: 373.889 Thread 0x000001cd3bbba9b0 Uncommon trap: reason=unstable_if action=reinterpret pc=0x000001cd4bc2308c method=org.hl7.fhir.r5.elementmodel.Element.getProperty(ILjava/lang/String;Z)[Lorg/hl7/fhir/r5/model/Base; @ 179 c2
Event: 373.889 Thread 0x000001cd3bbba9b0 DEOPT PACKING pc=0x000001cd4bc2308c sp=0x000000350e3fb660
Event: 373.889 Thread 0x000001cd3bbba9b0 DEOPT UNPACKING pc=0x000001cd4ac769a3 sp=0x000000350e3fb520 mode 2

Classes loaded (20 events):
Event: 313.432 Loading class com/sun/imageio/plugins/png/PNGMetadata
Event: 313.434 Loading class javax/imageio/metadata/IIOMetadata
Event: 313.435 Loading class javax/imageio/metadata/IIOMetadata done
Event: 313.435 Loading class com/sun/imageio/plugins/png/PNGMetadata done
Event: 313.436 Loading class com/sun/imageio/plugins/png/ChunkStream
Event: 313.437 Loading class com/sun/imageio/plugins/png/ChunkStream done
Event: 313.437 Loading class com/sun/imageio/plugins/png/CRC
Event: 313.437 Loading class com/sun/imageio/plugins/png/CRC done
Event: 313.440 Loading class com/sun/imageio/plugins/png/IDATOutputStream
Event: 313.440 Loading class com/sun/imageio/plugins/png/IDATOutputStream done
Event: 313.441 Loading class java/awt/image/PixelInterleavedSampleModel
Event: 313.441 Loading class java/awt/image/ComponentSampleModel
Event: 313.442 Loading class java/awt/image/ComponentSampleModel done
Event: 313.442 Loading class java/awt/image/PixelInterleavedSampleModel done
Event: 319.048 Loading class jdk/internal/reflect/UnsafeQualifiedStaticObjectFieldAccessorImpl
Event: 319.049 Loading class jdk/internal/reflect/UnsafeQualifiedStaticFieldAccessorImpl
Event: 319.049 Loading class jdk/internal/reflect/UnsafeQualifiedStaticFieldAccessorImpl done
Event: 319.049 Loading class jdk/internal/reflect/UnsafeQualifiedStaticObjectFieldAccessorImpl done
Event: 319.066 Loading class java/util/regex/PatternSyntaxException
Event: 319.066 Loading class java/util/regex/PatternSyntaxException done

Classes unloaded (0 events):
No events

Classes redefined (0 events):
No events

Internal exceptions (20 events):
Event: 299.742 Thread 0x000001cd3bbba9b0 Exception <a 'java/lang/NoSuchMethodError'{0x00000006d15512f0}: 'java.lang.Object java.lang.invoke.Invokers$Holder.linkToTargetMethod(java.lang.Object, java.lang.Object, java.lang.Object, java.lang.Object, java.lang.Object, java.lang.Object, java.lang.Object, java.lang.Object, java.lang.Object, java.lang.Object, java.lang.Object, java.lang.Object)'> (0x00000006d15512f0) 
thrown [s\src\hotspot\share\interpreter\linkResolver.cpp, line 759]
Event: 299.793 Thread 0x000001cdc3ab1400 Implicit null exception at 0x000001cd4b29368c to 0x000001cd4b29383e
Event: 299.888 Thread 0x000001cd3bbba9b0 Implicit null exception at 0x000001cd4b3028b9 to 0x000001cd4b302a20
Event: 299.919 Thread 0x000001cd6864bb20 Exception <a 'java/io/IOException'{0x00000006d0c001a8}> (0x00000006d0c001a8) 
thrown [s\src\hotspot\share\prims\jni.cpp, line 516]
Event: 300.047 Thread 0x000001cd3bbba9b0 Implicit null exception at 0x000001cd4b96256a to 0x000001cd4b9671c0
Event: 300.174 Thread 0x000001cd3bbba9b0 Implicit null exception at 0x000001cd4b88b2e8 to 0x000001cd4b88d5ac
Event: 313.348 Thread 0x000001cd3bbba9b0 Exception <a 'java/lang/ClassNotFoundException'{0x00000006dc01bae8}: sun/awt/resources/spi/awtProvider> (0x00000006dc01bae8) 
thrown [s\src\hotspot\share\classfile\systemDictionary.cpp, line 256]
Event: 313.354 Thread 0x000001cd3bbba9b0 Exception <a 'java/io/FileNotFoundException'{0x00000006dc0259b8}> (0x00000006dc0259b8) 
thrown [s\src\hotspot\share\prims\jni.cpp, line 516]
Event: 313.354 Thread 0x000001cd3bbba9b0 Exception <a 'java/io/FileNotFoundException'{0x00000006dc027030}> (0x00000006dc027030) 
thrown [s\src\hotspot\share\prims\jni.cpp, line 516]
Event: 313.456 Thread 0x000001cd3bbba9b0 Exception <a 'java/lang/NoSuchMethodError'{0x00000006dc0a2160}: 'java.lang.Object java.lang.invoke.DirectMethodHandle$Holder.invokeSpecial(java.lang.Object, java.lang.Object, java.lang.Object, int, java.lang.Object, java.lang.Object, java.lang.Object)'> (0x00000006dc0a2160) 
thrown [s\src\hotspot\share\interpreter\linkResolver.cpp, line 759]
Event: 313.456 Thread 0x000001cd3bbba9b0 Exception <a 'java/lang/NoSuchMethodError'{0x00000006dc0a5a90}: 'java.lang.Object java.lang.invoke.Invokers$Holder.linkToTargetMethod(java.lang.Object, int, java.lang.Object, java.lang.Object, java.lang.Object, java.lang.Object)'> (0x00000006dc0a5a90) 
thrown [s\src\hotspot\share\interpreter\linkResolver.cpp, line 759]
Event: 313.567 Thread 0x000001cd3bbba9b0 Implicit null exception at 0x000001cd4bb187b7 to 0x000001cd4bb19574
Event: 318.304 Thread 0x000001cd3bbba9b0 Implicit null exception at 0x000001cd4ba82761 to 0x000001cd4ba872e8
Event: 318.324 Thread 0x000001cd3bbba9b0 Implicit null exception at 0x000001cd4b55d950 to 0x000001cd4b55d9b0
Event: 318.771 Thread 0x000001cd3bbba9b0 Implicit null exception at 0x000001cd4b514691 to 0x000001cd4b514888
Event: 318.851 Thread 0x000001cd3bbba9b0 Implicit null exception at 0x000001cd4b4f20d4 to 0x000001cd4b4f2dbc
Event: 372.969 Thread 0x000001cd3bbba9b0 Implicit null exception at 0x000001cd4ba78890 to 0x000001cd4ba79abc
Event: 372.970 Thread 0x000001cd3bbba9b0 Implicit null exception at 0x000001cd4ba78890 to 0x000001cd4ba79abc
Event: 372.971 Thread 0x000001cd3bbba9b0 Implicit null exception at 0x000001cd4ba78890 to 0x000001cd4ba79abc
Event: 372.971 Thread 0x000001cd3bbba9b0 Implicit null exception at 0x000001cd4ba78890 to 0x000001cd4ba79abc

VM Operations (20 events):
Event: 368.240 Executing VM operation: G1CollectForAllocation done
Event: 370.407 Executing VM operation: G1CollectForAllocation
Event: 370.435 Executing VM operation: G1CollectForAllocation done
Event: 370.639 Executing VM operation: G1CollectForAllocation
Event: 370.662 Executing VM operation: G1CollectForAllocation done
Event: 370.930 Executing VM operation: G1CollectForAllocation
Event: 370.938 Executing VM operation: G1CollectForAllocation done
Event: 371.360 Executing VM operation: G1CollectForAllocation
Event: 371.393 Executing VM operation: G1CollectForAllocation done
Event: 371.698 Executing VM operation: G1CollectForAllocation
Event: 371.767 Executing VM operation: G1CollectForAllocation done
Event: 371.915 Executing VM operation: G1CollectForAllocation
Event: 371.960 Executing VM operation: G1CollectForAllocation done
Event: 372.231 Executing VM operation: G1CollectForAllocation
Event: 372.268 Executing VM operation: G1CollectForAllocation done
Event: 372.441 Executing VM operation: G1CollectForAllocation
Event: 372.485 Executing VM operation: G1CollectForAllocation done
Event: 372.708 Executing VM operation: G1CollectForAllocation
Event: 372.756 Executing VM operation: G1CollectForAllocation done
Event: 373.950 Executing VM operation: G1CollectForAllocation

Memory protections (0 events):
No events

Nmethod flushes (20 events):
Event: 318.331 Thread 0x000001cd683704d0 flushing  nmethod 0x000001cd44b97e90
Event: 318.331 Thread 0x000001cd683704d0 flushing  nmethod 0x000001cd44b99590
Event: 318.331 Thread 0x000001cd683704d0 flushing  nmethod 0x000001cd44b9b290
Event: 318.331 Thread 0x000001cd683704d0 flushing  nmethod 0x000001cd44b9e710
Event: 318.331 Thread 0x000001cd683704d0 flushing osr nmethod 0x000001cd44b9ec90
Event: 318.331 Thread 0x000001cd683704d0 flushing  nmethod 0x000001cd44ba4f90
Event: 318.331 Thread 0x000001cd683704d0 flushing  nmethod 0x000001cd44ba9c10
Event: 318.331 Thread 0x000001cd683704d0 flushing osr nmethod 0x000001cd44bae990
Event: 318.331 Thread 0x000001cd683704d0 flushing  nmethod 0x000001cd44bb0990
Event: 318.331 Thread 0x000001cd683704d0 flushing  nmethod 0x000001cd44bb2190
Event: 318.331 Thread 0x000001cd683704d0 flushing  nmethod 0x000001cd44bb8190
Event: 318.331 Thread 0x000001cd683704d0 flushing  nmethod 0x000001cd44bbc110
Event: 318.331 Thread 0x000001cd683704d0 flushing  nmethod 0x000001cd44bbdd90
Event: 318.331 Thread 0x000001cd683704d0 flushing  nmethod 0x000001cd44bbe990
Event: 318.331 Thread 0x000001cd683704d0 flushing  nmethod 0x000001cd44bc2790
Event: 318.331 Thread 0x000001cd683704d0 flushing  nmethod 0x000001cd44bd6190
Event: 318.331 Thread 0x000001cd683704d0 flushing  nmethod 0x000001cd44bd7c90
Event: 318.331 Thread 0x000001cd683704d0 flushing  nmethod 0x000001cd44bd8b10
Event: 318.331 Thread 0x000001cd683704d0 flushing  nmethod 0x000001cd44c0b210
Event: 318.331 Thread 0x000001cd683704d0 flushing  nmethod 0x000001cd44c3c490

Events (20 events):
Event: 298.134 Thread 0x000001cdb20e7040 Thread exited: 0x000001cdb20e7040
Event: 298.151 Thread 0x000001cdb20e7590 Thread exited: 0x000001cdb20e7590
Event: 298.318 Thread 0x000001cd6836aac0 Thread added: 0x000001cdb20e7040
Event: 298.318 Thread 0x000001cd6836aac0 Thread added: 0x000001cdb20e7590
Event: 299.580 Thread 0x000001cd3bbba9b0 Thread added: 0x000001cdc3ab1400
Event: 300.214 Thread 0x000001cdc3ab04d0 Thread added: 0x000001cdbfe27a90
Event: 300.310 Thread 0x000001cdb20e7590 Thread exited: 0x000001cdb20e7590
Event: 300.377 Thread 0x000001cdc3ab1400 Thread exited: 0x000001cdc3ab1400
Event: 300.807 Thread 0x000001cdb20e7040 Thread exited: 0x000001cdb20e7040
Event: 312.361 Thread 0x000001cd6836aac0 Thread added: 0x000001cdc05c0030
Event: 312.667 Thread 0x000001cd6836aac0 Thread added: 0x000001cdc05c0580
Event: 316.627 Thread 0x000001cdc05c0580 Thread exited: 0x000001cdc05c0580
Event: 316.639 Thread 0x000001cdc05c0030 Thread exited: 0x000001cdc05c0030
Event: 318.101 Thread 0x000001cd6836aac0 Thread added: 0x000001cdc3ac0f90
Event: 318.101 Thread 0x000001cd6836aac0 Thread added: 0x000001cdc3ac14e0
Event: 320.375 Thread 0x000001cdc3ac14e0 Thread exited: 0x000001cdc3ac14e0
Event: 320.376 Thread 0x000001cdc3ac0f90 Thread exited: 0x000001cdc3ac0f90
Event: 360.216 Thread 0x000001cdaf65c9e0 Thread exited: 0x000001cdaf65c9e0
Event: 373.179 Thread 0x000001cd6836aac0 Thread added: 0x000001cdb251dd80
Event: 373.273 Thread 0x000001cdb251dd80 Thread added: 0x000001cdc05c0030


Dynamic libraries:
0x00007ff6e0590000 - 0x00007ff6e059e000 	C:\Program Files\Microsoft\jdk-17.0.13.11-hotspot\bin\java.exe
0x00007ffe577c0000 - 0x00007ffe57a27000 	C:\WINDOWS\SYSTEM32\ntdll.dll
0x00007ffe55e60000 - 0x00007ffe55f2b000 	C:\WINDOWS\System32\KERNEL32.DLL
0x00007ffe54a50000 - 0x00007ffe54e52000 	C:\WINDOWS\System32\KERNELBASE.dll
0x00007ffe54f20000 - 0x00007ffe5506c000 	C:\WINDOWS\System32\ucrtbase.dll
0x00007ffe4c030000 - 0x00007ffe4c047000 	C:\Program Files\Microsoft\jdk-17.0.13.11-hotspot\bin\jli.dll
0x00007ffe57570000 - 0x00007ffe5773f000 	C:\WINDOWS\System32\USER32.dll
0x00007ffe55080000 - 0x00007ffe550a7000 	C:\WINDOWS\System32\win32u.dll
0x00007ffe57750000 - 0x00007ffe5777b000 	C:\WINDOWS\System32\GDI32.dll
0x00007ffe19b80000 - 0x00007ffe19e10000 	C:\WINDOWS\WinSxS\amd64_microsoft.windows.common-controls_6595b64144ccf1df_6.0.26100.9278_none_3e0d1ba8e3303201\COMCTL32.dll
0x00007ffe4bdf0000 - 0x00007ffe4be0d000 	C:\Program Files\Microsoft\jdk-17.0.13.11-hotspot\bin\VCRUNTIME140.dll
0x00007ffe55800000 - 0x00007ffe558a9000 	C:\WINDOWS\System32\msvcrt.dll
0x00007ffe552f0000 - 0x00007ffe55419000 	C:\WINDOWS\System32\gdi32full.dll
0x00007ffe550b0000 - 0x00007ffe55153000 	C:\WINDOWS\System32\msvcp_win.dll
0x00007ffe56ad0000 - 0x00007ffe56b01000 	C:\WINDOWS\System32\IMM32.DLL
0x00007ffe510a0000 - 0x00007ffe510ac000 	C:\Program Files\Microsoft\jdk-17.0.13.11-hotspot\bin\vcruntime140_1.dll
0x00007ffe36b10000 - 0x00007ffe36b9d000 	C:\Program Files\Microsoft\jdk-17.0.13.11-hotspot\bin\msvcp140.dll
0x00007ffd5cdb0000 - 0x00007ffd5da21000 	C:\Program Files\Microsoft\jdk-17.0.13.11-hotspot\bin\server\jvm.dll
0x00007ffe565d0000 - 0x00007ffe5668c000 	C:\WINDOWS\System32\ADVAPI32.dll
0x00007ffe55750000 - 0x00007ffe557f9000 	C:\WINDOWS\System32\sechost.dll
0x00007ffe569b0000 - 0x00007ffe56ac8000 	C:\WINDOWS\System32\RPCRT4.dll
0x00007ffe556c0000 - 0x00007ffe55740000 	C:\WINDOWS\System32\WS2_32.dll
0x00007ffe4c3e0000 - 0x00007ffe4c3eb000 	C:\WINDOWS\SYSTEM32\VERSION.dll
0x00007ffe49cc0000 - 0x00007ffe49cf6000 	C:\WINDOWS\SYSTEM32\WINMM.dll
0x00007ffe54820000 - 0x00007ffe5487e000 	C:\WINDOWS\SYSTEM32\POWRPROF.dll
0x00007ffe54800000 - 0x00007ffe54815000 	C:\WINDOWS\SYSTEM32\UMPDC.dll
0x00007ffe53520000 - 0x00007ffe5353b000 	C:\WINDOWS\SYSTEM32\kernel.appcore.dll
0x00007ffe50200000 - 0x00007ffe5020a000 	C:\Program Files\Microsoft\jdk-17.0.13.11-hotspot\bin\jimage.dll
0x00007ffe51d80000 - 0x00007ffe51fcc000 	C:\WINDOWS\SYSTEM32\DBGHELP.DLL
0x00007ffe56240000 - 0x00007ffe565c5000 	C:\WINDOWS\System32\combase.dll
0x00007ffe55d70000 - 0x00007ffe55e49000 	C:\WINDOWS\System32\OLEAUT32.dll
0x00007ffe42150000 - 0x00007ffe4218b000 	C:\WINDOWS\SYSTEM32\dbgcore.DLL
0x00007ffe55420000 - 0x00007ffe554cc000 	C:\WINDOWS\System32\bcryptPrimitives.dll
0x00007ffe40e60000 - 0x00007ffe40e85000 	C:\Program Files\Microsoft\jdk-17.0.13.11-hotspot\bin\java.dll
0x00007ffe369d0000 - 0x00007ffe36aa7000 	C:\Program Files\Microsoft\jdk-17.0.13.11-hotspot\bin\jsvml.dll
0x00007ffe56c70000 - 0x00007ffe57408000 	C:\WINDOWS\System32\SHELL32.dll
0x00007ffe52090000 - 0x00007ffe5293e000 	C:\WINDOWS\SYSTEM32\windows.storage.dll
0x00007ffe555c0000 - 0x00007ffe556bb000 	C:\WINDOWS\System32\SHCORE.dll
0x00007ffe56110000 - 0x00007ffe56176000 	C:\WINDOWS\System32\shlwapi.dll
0x00007ffe548e0000 - 0x00007ffe54909000 	C:\WINDOWS\SYSTEM32\profapi.dll
0x00007ffe3fbf0000 - 0x00007ffe3fc0a000 	C:\Program Files\Microsoft\jdk-17.0.13.11-hotspot\bin\net.dll
0x00007ffe53540000 - 0x00007ffe5366a000 	C:\WINDOWS\SYSTEM32\WINHTTP.dll
0x00007ffe53bf0000 - 0x00007ffe53c5c000 	C:\WINDOWS\system32\mswsock.dll
0x00007ffe3fbd0000 - 0x00007ffe3fbe6000 	C:\Program Files\Microsoft\jdk-17.0.13.11-hotspot\bin\nio.dll
0x00007ffe3fbb0000 - 0x00007ffe3fbc8000 	C:\Program Files\Microsoft\jdk-17.0.13.11-hotspot\bin\zip.dll
0x00007ffe4c020000 - 0x00007ffe4c02e000 	C:\Program Files\Microsoft\jdk-17.0.13.11-hotspot\bin\sunmscapi.dll
0x00007ffe55160000 - 0x00007ffe552de000 	C:\WINDOWS\System32\CRYPT32.dll
0x00007ffe54180000 - 0x00007ffe541b0000 	C:\WINDOWS\SYSTEM32\ncrypt.dll
0x00007ffe54130000 - 0x00007ffe5416f000 	C:\WINDOWS\SYSTEM32\NTASN1.dll
0x00007ffe54010000 - 0x00007ffe5402b000 	C:\WINDOWS\SYSTEM32\CRYPTSP.dll
0x00007ffe53480000 - 0x00007ffe534b9000 	C:\WINDOWS\system32\rsaenh.dll
0x00007ffe53ca0000 - 0x00007ffe53cd4000 	C:\WINDOWS\SYSTEM32\USERENV.dll
0x00007ffe548b0000 - 0x00007ffe548da000 	C:\WINDOWS\SYSTEM32\bcrypt.dll
0x00007ffe53e50000 - 0x00007ffe53e5c000 	C:\WINDOWS\SYSTEM32\CRYPTBASE.dll
0x00007ffe52cb0000 - 0x00007ffe52ce3000 	C:\WINDOWS\SYSTEM32\IPHLPAPI.DLL
0x00007ffe56b10000 - 0x00007ffe56b1a000 	C:\WINDOWS\System32\NSI.dll
0x00007ffe4cd20000 - 0x00007ffe4cd3d000 	C:\WINDOWS\SYSTEM32\dhcpcsvc6.DLL
0x00007ffe4ccb0000 - 0x00007ffe4ccd5000 	C:\WINDOWS\SYSTEM32\dhcpcsvc.DLL
0x00007ffe52d40000 - 0x00007ffe52e98000 	C:\WINDOWS\SYSTEM32\DNSAPI.dll
0x00007ffe53a10000 - 0x00007ffe53a1d000 	C:\WINDOWS\SYSTEM32\DSPARSE.dll
0x00007ffe4b580000 - 0x00007ffe4b58b000 	C:\Windows\System32\rasadhlp.dll
0x00007ffe4e8b0000 - 0x00007ffe4e936000 	C:\WINDOWS\System32\fwpuclnt.dll
0x00007ffe4bff0000 - 0x00007ffe4bff9000 	C:\Program Files\Microsoft\jdk-17.0.13.11-hotspot\bin\extnet.dll
0x00007ffe2ef40000 - 0x00007ffe2f040000 	C:\Users\tomas.urbanczyk\AppData\Local\Temp\sqlite-3.53.2.0-ec4d4fd1-bd8b-4681-8684-8015eb947422-sqlitejdbc.dll
0x00007ffe388d0000 - 0x00007ffe388da000 	C:\Program Files\Microsoft\jdk-17.0.13.11-hotspot\bin\management.dll
0x00007ffe36b00000 - 0x00007ffe36b0b000 	C:\Program Files\Microsoft\jdk-17.0.13.11-hotspot\bin\management_ext.dll
0x00007ffe566a0000 - 0x00007ffe566a8000 	C:\WINDOWS\System32\PSAPI.DLL
0x00007ffdf4010000 - 0x00007ffdf41a0000 	C:\Program Files\Microsoft\jdk-17.0.13.11-hotspot\bin\awt.dll
0x00007ffe4eaa0000 - 0x00007ffe4eb3f000 	C:\WINDOWS\SYSTEM32\apphelp.dll

dbghelp: loaded successfully - version: 4.0.5 - missing functions: none
symbol engine: initialized successfully - sym options: 0x614 - pdb path: .;C:\Program Files\Microsoft\jdk-17.0.13.11-hotspot\bin;C:\WINDOWS\SYSTEM32;C:\WINDOWS\WinSxS\amd64_microsoft.windows.common-controls_6595b64144ccf1df_6.0.26100.9278_none_3e0d1ba8e3303201;C:\Program Files\Microsoft\jdk-17.0.13.11-hotspot\bin\server;C:\Users\tomas.urbanczyk\AppData\Local\Temp

VM Arguments:
jvm_args: -Dfile.encoding=UTF-8 
java_command: C:\Users\tomas.urbanczyk\HL\PUB\Order\input-cache\publisher.jar -ig C:\Users\tomas.urbanczyk\HL\PUB\Order -no-sushi
java_class_path (initial): C:\Users\tomas.urbanczyk\HL\PUB\Order\input-cache\publisher.jar
Launcher Type: SUN_STANDARD

[Global flags]
     intx CICompilerCount                          = 4                                         {product} {ergonomic}
     uint ConcGCThreads                            = 3                                         {product} {ergonomic}
     uint G1ConcRefinementThreads                  = 10                                        {product} {ergonomic}
   size_t G1HeapRegionSize                         = 4194304                                   {product} {ergonomic}
    uintx GCDrainStackTargetSize                   = 64                                        {product} {ergonomic}
   size_t InitialHeapSize                          = 528482304                                 {product} {ergonomic}
   size_t MarkStackSize                            = 4194304                                   {product} {ergonomic}
   size_t MaxHeapSize                              = 8409579520                                {product} {ergonomic}
   size_t MaxNewSize                               = 5045747712                                {product} {ergonomic}
   size_t MinHeapDeltaBytes                        = 4194304                                   {product} {ergonomic}
   size_t MinHeapSize                              = 8388608                                   {product} {ergonomic}
    uintx NonNMethodCodeHeapSize                   = 5839372                                {pd product} {ergonomic}
    uintx NonProfiledCodeHeapSize                  = 122909434                              {pd product} {ergonomic}
    uintx ProfiledCodeHeapSize                     = 122909434                              {pd product} {ergonomic}
    uintx ReservedCodeCacheSize                    = 251658240                              {pd product} {ergonomic}
     bool SegmentedCodeCache                       = true                                      {product} {ergonomic}
   size_t SoftMaxHeapSize                          = 8409579520                             {manageable} {ergonomic}
     bool UseCompressedClassPointers               = true                           {product lp64_product} {ergonomic}
     bool UseCompressedOops                        = true                           {product lp64_product} {ergonomic}
     bool UseG1GC                                  = true                                      {product} {ergonomic}
     bool UseLargePagesIndividualAllocation        = false                                  {pd product} {ergonomic}

Logging:
Log output configuration:
 #0: stdout all=warning uptime,level,tags
 #1: stderr all=off uptime,level,tags

Environment Variables:
PATH=C:\Users\tomas.urbanczyk\.codex\tmp\arg0\codex-arg08FIEXL;C:\Program Files\Microsoft VS Code;C:\Python312\Scripts\;C:\Python312\;C:\WINDOWS\system32;C:\WINDOWS;C:\WINDOWS\System32\Wbem;C:\WINDOWS\System32\WindowsPowerShell\v1.0\;C:\WINDOWS\System32\OpenSSH\;C:\Program Files\Microsoft VS Code\bin;C:\ProgramData\chocolatey\bin;C:\Users\tomas.urbanczyk;C:\Program Files\Git\cmd;C:\Users\tomas.urbanczyk\AppData\Roaming\nvm;C:\Program Files\nodejs;C:\Program Files\Microsoft\jdk-17.0.13.11-hotspot\bin;C:\Program Files\Graphviz\bin;C:\Program Files\dotnet\;C:\Program Files\Docker\Docker\resources\bin;C:\Program Files\nodejs\;C:\Ruby33-x64\bin;C:\Users\tomas.urbanczyk\AppData\Local\Microsoft\WindowsApps;C:\Users\tomas.urbanczyk\AppData\Roaming\npm;C:\Users\tomas.urbanczyk\AppData\Local\Microsoft\WinGet\Packages\Schniz.fnm_Microsoft.Winget.Source_8wekyb3d8bbwe;C:\Users\tomas.urbanczyk\AppData\Roaming\nvm;C:\Program Files\nodejs;C:\Users\tomas.urbanczyk\.dotnet\tools;c:\Users\tomas.urbanczyk\.vscode\extensions\openai.chatgpt-26.908.40401-win32-x64\bin\windows-x86_64
USERNAME=tomas.urbanczyk
LANG=C.UTF-8
LC_ALL=C.UTF-8
LC_CTYPE=C.UTF-8
TERM=dumb
OS=Windows_NT
PROCESSOR_IDENTIFIER=AMD64 Family 25 Model 80 Stepping 0, AuthenticAMD
TMP=C:\Users\TOMAS~1.URB\AppData\Local\Temp
TEMP=C:\Users\TOMAS~1.URB\AppData\Local\Temp



Periodic native trim disabled


---------------  S Y S T E M  ---------------

OS:
 Windows 11 , 64 bit Build 26100 (10.0.26100.9444)
OS uptime: 10 days 7:17 hours
Hyper-V role detected

CPU: total 12 (initial active 12) (12 cores per cpu, 2 threads per core) family 25 model 80 stepping 0 microcode 0xa500014, cx8, cmov, fxsr, ht, mmx, 3dnowpref, sse, sse2, sse3, ssse3, sse4a, sse4.1, sse4.2, popcnt, lzcnt, tsc, tscinvbit, avx, avx2, aes, erms, clmul, bmi1, bmi2, adx, sha, fma, vzeroupper, clflush, clflushopt, hv
Processor Information for the first 12 processors :
  Max Mhz: 2000, Current Mhz: 2000, Mhz Limit: 2000

Memory: 4k page, system-wide physical 32065M (939M free)
TotalPageFile size 67611M (AvailPageFile size 465M)
current process WorkingSet (physical memory assigned to process): 4721M, peak: 4723M
current process commit charge ("private bytes"): 4794M, peak: 5546M

vm_info: OpenJDK 64-Bit Server VM (17.0.13+11-LTS) for windows-amd64 JRE (17.0.13+11-LTS), built on Oct 11 2024 23:25:05 by "MicrosoftCorporation" with unknown MS VC++:1939

END.
